"date","benthic_fol003"
2008-01-01,0
2008-01-02,0
2008-01-03,0
2008-01-04,0
2008-01-05,0
2008-01-06,0
2008-01-07,0
2008-01-08,0
2008-01-09,0
2008-01-10,0
2008-01-11,0
2008-01-12,0
2008-01-13,0
2008-01-14,0
2008-01-15,0
2008-01-16,0
2008-01-17,0
2008-01-18,0
2008-01-19,0
2008-01-20,0
2008-01-21,0
2008-01-22,0
2008-01-23,0
2008-01-24,0
2008-01-25,0
2008-01-26,0
2008-01-27,0
2008-01-28,0
2008-01-29,0
2008-01-30,0
2008-01-31,0
2008-02-01,0
2008-02-02,0
2008-02-03,0
2008-02-04,0
2008-02-05,0
2008-02-06,0
2008-02-07,0
2008-02-08,0
2008-02-09,0
2008-02-10,0
2008-02-11,0
2008-02-12,0
2008-02-13,0
2008-02-14,0
2008-02-15,0
2008-02-16,0
2008-02-17,0
2008-02-18,0
2008-02-19,0
2008-02-20,0
2008-02-21,0
2008-02-22,0
2008-02-23,0
2008-02-24,0
2008-02-25,0
2008-02-26,0
2008-02-27,0
2008-02-28,0
2008-02-29,0
2008-03-01,0
2008-03-02,0
2008-03-03,0
2008-03-04,0
2008-03-05,0
2008-03-06,0
2008-03-07,0
2008-03-08,0
2008-03-09,0
2008-03-10,0
2008-03-11,0
2008-03-12,0
2008-03-13,0
2008-03-14,0
2008-03-15,0
2008-03-16,0
2008-03-17,0
2008-03-18,0
2008-03-19,0
2008-03-20,0
2008-03-21,0
2008-03-22,0
2008-03-23,0
2008-03-24,0
2008-03-25,0
2008-03-26,0
2008-03-27,0
2008-03-28,0
2008-03-29,0
2008-03-30,0
2008-03-31,0
2008-04-01,0
2008-04-02,0
2008-04-03,0
2008-04-04,0
2008-04-05,0
2008-04-06,0
2008-04-07,0
2008-04-08,0
2008-04-09,0
2008-04-10,0
2008-04-11,0
2008-04-12,0
2008-04-13,0
2008-04-14,0
2008-04-15,0
2008-04-16,0
2008-04-17,0
2008-04-18,0
2008-04-19,0
2008-04-20,0
2008-04-21,0
2008-04-22,0
2008-04-23,0
2008-04-24,0
2008-04-25,0
2008-04-26,0
2008-04-27,0
2008-04-28,0
2008-04-29,0
2008-04-30,0
2008-05-01,0
2008-05-02,0
2008-05-03,0
2008-05-04,0
2008-05-05,0
2008-05-06,0
2008-05-07,0
2008-05-08,0
2008-05-09,0
2008-05-10,0
2008-05-11,0
2008-05-12,0
2008-05-13,0
2008-05-14,0
2008-05-15,0
2008-05-16,0
2008-05-17,0
2008-05-18,0
2008-05-19,0
2008-05-20,0
2008-05-21,0
2008-05-22,0
2008-05-23,0
2008-05-24,0
2008-05-25,0
2008-05-26,0
2008-05-27,0
2008-05-28,0
2008-05-29,0
2008-05-30,0
2008-05-31,0
2008-06-01,0
2008-06-02,0
2008-06-03,0
2008-06-04,0
2008-06-05,0
2008-06-06,0
2008-06-07,0
2008-06-08,0
2008-06-09,0
2008-06-10,0
2008-06-11,0
2008-06-12,0
2008-06-13,0
2008-06-14,0
2008-06-15,0
2008-06-16,0
2008-06-17,0
2008-06-18,0
2008-06-19,0
2008-06-20,0
2008-06-21,0
2008-06-22,0
2008-06-23,0
2008-06-24,0
2008-06-25,0
2008-06-26,0
2008-06-27,0
2008-06-28,0
2008-06-29,0
2008-06-30,0
2008-07-01,0
2008-07-02,0
2008-07-03,0
2008-07-04,0
2008-07-05,0
2008-07-06,0
2008-07-07,0
2008-07-08,0
2008-07-09,0
2008-07-10,0
2008-07-11,0
2008-07-12,0
2008-07-13,0
2008-07-14,0
2008-07-15,0
2008-07-16,0
2008-07-17,0
2008-07-18,0
2008-07-19,0
2008-07-20,0
2008-07-21,0
2008-07-22,0
2008-07-23,0
2008-07-24,0
2008-07-25,0
2008-07-26,0
2008-07-27,0
2008-07-28,0
2008-07-29,0
2008-07-30,0
2008-07-31,0
2008-08-01,0
2008-08-02,0
2008-08-03,0
2008-08-04,0
2008-08-05,0
2008-08-06,0
2008-08-07,0
2008-08-08,0
2008-08-09,0
2008-08-10,0
2008-08-11,0
2008-08-12,0
2008-08-13,0
2008-08-14,0
2008-08-15,0
2008-08-16,0
2008-08-17,0
2008-08-18,0
2008-08-19,0
2008-08-20,0
2008-08-21,0
2008-08-22,0
2008-08-23,0
2008-08-24,0
2008-08-25,0
2008-08-26,0
2008-08-27,0
2008-08-28,0
2008-08-29,0
2008-08-30,0
2008-08-31,0
2008-09-01,0
2008-09-02,0
2008-09-03,0
2008-09-04,0
2008-09-05,0
2008-09-06,0
2008-09-07,0
2008-09-08,0
2008-09-09,0
2008-09-10,0
2008-09-11,0
2008-09-12,0
2008-09-13,0
2008-09-14,0
2008-09-15,0
2008-09-16,0
2008-09-17,0
2008-09-18,0
2008-09-19,0
2008-09-20,0
2008-09-21,0
2008-09-22,0
2008-09-23,0
2008-09-24,0
2008-09-25,0
2008-09-26,0
2008-09-27,0
2008-09-28,0
2008-09-29,0
2008-09-30,0
2008-10-01,0
2008-10-02,0
2008-10-03,0
2008-10-04,0
2008-10-05,0
2008-10-06,0
2008-10-07,0
2008-10-08,0
2008-10-09,0
2008-10-10,0
2008-10-11,0
2008-10-12,0
2008-10-13,0
2008-10-14,0
2008-10-15,0
2008-10-16,0
2008-10-17,0
2008-10-18,0
2008-10-19,0
2008-10-20,0
2008-10-21,0
2008-10-22,0
2008-10-23,0
2008-10-24,0
2008-10-25,0
2008-10-26,0
2008-10-27,0
2008-10-28,0
2008-10-29,0
2008-10-30,0
2008-10-31,0
2008-11-01,0
2008-11-02,0
2008-11-03,0
2008-11-04,0
2008-11-05,0
2008-11-06,0
2008-11-07,0
2008-11-08,0
2008-11-09,0
2008-11-10,0
2008-11-11,0
2008-11-12,0
2008-11-13,0
2008-11-14,0
2008-11-15,0
2008-11-16,0
2008-11-17,0
2008-11-18,0
2008-11-19,0
2008-11-20,0
2008-11-21,0
2008-11-22,0
2008-11-23,0
2008-11-24,0
2008-11-25,0
2008-11-26,0
2008-11-27,0
2008-11-28,0
2008-11-29,0
2008-11-30,0
2008-12-01,0
2008-12-02,0
2008-12-03,0
2008-12-04,0
2008-12-05,0
2008-12-06,0
2008-12-07,0
2008-12-08,0
2008-12-09,0
2008-12-10,0
2008-12-11,0
2008-12-12,0
2008-12-13,0
2008-12-14,0
2008-12-15,0
2008-12-16,0
2008-12-17,0
2008-12-18,0
2008-12-19,0
2008-12-20,0
2008-12-21,0
2008-12-22,0
2008-12-23,0
2008-12-24,0
2008-12-25,0
2008-12-26,0
2008-12-27,0
2008-12-28,0
2008-12-29,0
2008-12-30,0
2008-12-31,0
2009-01-01,2.8419e-06
2009-01-02,4.387e-06
2009-01-03,4.5171e-06
2009-01-04,4.5253e-06
2009-01-05,4.523e-06
2009-01-06,4.5202e-06
2009-01-07,4.5178e-06
2009-01-08,4.5154e-06
2009-01-09,4.5128e-06
2009-01-10,4.5096e-06
2009-01-11,4.5063e-06
2009-01-12,4.5031e-06
2009-01-13,4.4994e-06
2009-01-14,4.4958e-06
2009-01-15,4.4923e-06
2009-01-16,4.4887e-06
2009-01-17,4.485e-06
2009-01-18,4.4812e-06
2009-01-19,4.4773e-06
2009-01-20,4.4735e-06
2009-01-21,4.4699e-06
2009-01-22,4.4696e-06
2009-01-23,4.5168e-06
2009-01-24,4.624e-06
2009-01-25,4.6439e-06
2009-01-26,4.6424e-06
2009-01-27,4.6393e-06
2009-01-28,4.6365e-06
2009-01-29,4.6333e-06
2009-01-30,4.6295e-06
2009-01-31,4.6256e-06
2009-02-01,6.2003e-06
2009-02-02,7.0649e-06
2009-02-03,7.1359e-06
2009-02-04,7.1365e-06
2009-02-05,7.1311e-06
2009-02-06,7.1252e-06
2009-02-07,7.1194e-06
2009-02-08,7.1139e-06
2009-02-09,7.1089e-06
2009-02-10,7.1036e-06
2009-02-11,7.0989e-06
2009-02-12,7.1164e-06
2009-02-13,7.1165e-06
2009-02-14,7.5607e-06
2009-02-15,7.6545e-06
2009-02-16,7.6542e-06
2009-02-17,7.6909e-06
2009-02-18,8.1529e-06
2009-02-19,8.2548e-06
2009-02-20,8.2595e-06
2009-02-21,8.2543e-06
2009-02-22,8.2476e-06
2009-02-23,8.5781e-06
2009-02-24,8.7677e-06
2009-02-25,8.798e-06
2009-02-26,8.7956e-06
2009-02-27,8.7897e-06
2009-02-28,8.7843e-06
2009-03-01,2.1488e-05
2009-03-02,2.9167e-05
2009-03-03,3.0173e-05
2009-03-04,3.0878e-05
2009-03-05,3.1013e-05
2009-03-06,3.1012e-05
2009-03-07,3.0993e-05
2009-03-08,3.0975e-05
2009-03-09,3.0954e-05
2009-03-10,3.0932e-05
2009-03-11,3.0912e-05
2009-03-12,3.0894e-05
2009-03-13,3.0873e-05
2009-03-14,3.0853e-05
2009-03-15,3.083e-05
2009-03-16,3.0804e-05
2009-03-17,3.0779e-05
2009-03-18,3.076e-05
2009-03-19,3.0741e-05
2009-03-20,3.072e-05
2009-03-21,3.0698e-05
2009-03-22,3.0674e-05
2009-03-23,3.0648e-05
2009-03-24,3.0623e-05
2009-03-25,3.0601e-05
2009-03-26,3.0579e-05
2009-03-27,3.0557e-05
2009-03-28,3.0536e-05
2009-03-29,3.0513e-05
2009-03-30,3.0486e-05
2009-03-31,3.0462e-05
2009-04-01,3.8082e-05
2009-04-02,4.2757e-05
2009-04-03,4.3267e-05
2009-04-04,4.3288e-05
2009-04-05,4.3261e-05
2009-04-06,4.3228e-05
2009-04-07,4.3197e-05
2009-04-08,4.3305e-05
2009-04-09,4.3302e-05
2009-04-10,4.3275e-05
2009-04-11,4.3239e-05
2009-04-12,4.3202e-05
2009-04-13,4.3168e-05
2009-04-14,4.3127e-05
2009-04-15,4.3075e-05
2009-04-16,4.3028e-05
2009-04-17,4.2989e-05
2009-04-18,4.2956e-05
2009-04-19,4.2922e-05
2009-04-20,4.2888e-05
2009-04-21,4.2856e-05
2009-04-22,4.2824e-05
2009-04-23,4.2789e-05
2009-04-24,4.275e-05
2009-04-25,4.2709e-05
2009-04-26,4.2668e-05
2009-04-27,4.2629e-05
2009-04-28,4.259e-05
2009-04-29,4.2549e-05
2009-04-30,4.2512e-05
2009-05-01,4.7037e-05
2009-05-02,5.0476e-05
2009-05-03,5.0907e-05
2009-05-04,5.0907e-05
2009-05-05,5.0877e-05
2009-05-06,5.0827e-05
2009-05-07,5.0777e-05
2009-05-08,5.0726e-05
2009-05-09,5.0676e-05
2009-05-10,5.0626e-05
2009-05-11,5.0576e-05
2009-05-12,5.0521e-05
2009-05-13,5.0465e-05
2009-05-14,5.0411e-05
2009-05-15,5.0357e-05
2009-05-16,5.0304e-05
2009-05-17,5.0256e-05
2009-05-18,5.0214e-05
2009-05-19,5.0162e-05
2009-05-20,5.0107e-05
2009-05-21,5.0058e-05
2009-05-22,5.0008e-05
2009-05-23,4.9952e-05
2009-05-24,4.9894e-05
2009-05-25,4.9834e-05
2009-05-26,4.9775e-05
2009-05-27,4.9717e-05
2009-05-28,4.9663e-05
2009-05-29,4.9605e-05
2009-05-30,4.9543e-05
2009-05-31,4.9478e-05
2009-06-01,5.8973e-05
2009-06-02,6.45e-05
2009-06-03,6.5002e-05
2009-06-04,6.4987e-05
2009-06-05,6.4908e-05
2009-06-06,6.482e-05
2009-06-07,6.4733e-05
2009-06-08,6.4646e-05
2009-06-09,6.4558e-05
2009-06-10,6.4468e-05
2009-06-11,6.4378e-05
2009-06-12,6.4288e-05
2009-06-13,6.4199e-05
2009-06-14,6.411e-05
2009-06-15,6.4025e-05
2009-06-16,6.3941e-05
2009-06-17,6.3856e-05
2009-06-18,6.3768e-05
2009-06-19,6.3681e-05
2009-06-20,6.359e-05
2009-06-21,6.3497e-05
2009-06-22,6.3406e-05
2009-06-23,6.3324e-05
2009-06-24,6.3247e-05
2009-06-25,6.3165e-05
2009-06-26,6.3079e-05
2009-06-27,6.2998e-05
2009-06-28,6.2921e-05
2009-06-29,6.2842e-05
2009-06-30,6.2757e-05
2009-07-01,7.2113e-05
2009-07-02,7.7228e-05
2009-07-03,7.7588e-05
2009-07-04,7.7516e-05
2009-07-05,7.7405e-05
2009-07-06,7.7288e-05
2009-07-07,7.717e-05
2009-07-08,7.7051e-05
2009-07-09,7.693e-05
2009-07-10,7.6809e-05
2009-07-11,7.6692e-05
2009-07-12,7.6574e-05
2009-07-13,7.6454e-05
2009-07-14,7.6335e-05
2009-07-15,7.622e-05
2009-07-16,7.6106e-05
2009-07-17,7.5989e-05
2009-07-18,7.587e-05
2009-07-19,7.575e-05
2009-07-20,7.5627e-05
2009-07-21,7.5498e-05
2009-07-22,7.5366e-05
2009-07-23,7.5233e-05
2009-07-24,7.5102e-05
2009-07-25,7.4971e-05
2009-07-26,7.484e-05
2009-07-27,7.471e-05
2009-07-28,7.4583e-05
2009-07-29,7.4454e-05
2009-07-30,7.4322e-05
2009-07-31,7.4189e-05
2009-08-01,9.2745e-05
2009-08-02,0.0001019
2009-08-03,0.00010236
2009-08-04,0.00010222
2009-08-05,0.00010204
2009-08-06,0.00010186
2009-08-07,0.00010167
2009-08-08,0.0001015
2009-08-09,0.00010133
2009-08-10,0.00010116
2009-08-11,0.00010099
2009-08-12,0.00010081
2009-08-13,0.00010062
2009-08-14,0.00010043
2009-08-15,0.00010024
2009-08-16,0.00010008
2009-08-17,9.992e-05
2009-08-18,9.9771e-05
2009-08-19,9.9627e-05
2009-08-20,9.9474e-05
2009-08-21,9.9307e-05
2009-08-22,9.9138e-05
2009-08-23,9.897e-05
2009-08-24,9.8802e-05
2009-08-25,9.8644e-05
2009-08-26,9.8493e-05
2009-08-27,9.835e-05
2009-08-28,9.8197e-05
2009-08-29,9.8038e-05
2009-08-30,9.7877e-05
2009-08-31,9.7717e-05
2009-09-01,0.0001095
2009-09-02,0.00011488
2009-09-03,0.00011503
2009-09-04,0.00011486
2009-09-05,0.00011466
2009-09-06,0.00011447
2009-09-07,0.00011427
2009-09-08,0.00011408
2009-09-09,0.0001139
2009-09-10,0.00011373
2009-09-11,0.00011356
2009-09-12,0.00011339
2009-09-13,0.00011321
2009-09-14,0.00011302
2009-09-15,0.00011283
2009-09-16,0.00011265
2009-09-17,0.00011247
2009-09-18,0.0001123
2009-09-19,0.00011215
2009-09-20,0.00011198
2009-09-21,0.00011182
2009-09-22,0.00011164
2009-09-23,0.00011148
2009-09-24,0.00011132
2009-09-25,0.00011118
2009-09-26,0.00011103
2009-09-27,0.00011088
2009-09-28,0.00011073
2009-09-29,0.00011056
2009-09-30,0.00011038
2009-10-01,0.00011897
2009-10-02,0.00012253
2009-10-03,0.00012253
2009-10-04,0.00012234
2009-10-05,0.00012216
2009-10-06,0.00012199
2009-10-07,0.00012183
2009-10-08,0.00012168
2009-10-09,0.00012153
2009-10-10,0.00012139
2009-10-11,0.00012125
2009-10-12,0.0001211
2009-10-13,0.00012091
2009-10-14,0.00013338
2009-10-15,0.00013552
2009-10-16,0.00013547
2009-10-17,0.00013532
2009-10-18,0.00013517
2009-10-19,0.00013501
2009-10-20,0.00013486
2009-10-21,0.00013472
2009-10-22,0.00013459
2009-10-23,0.00013445
2009-10-24,0.00013431
2009-10-25,0.00013417
2009-10-26,0.00013404
2009-10-27,0.0001339
2009-10-28,0.00013371
2009-10-29,0.00013355
2009-10-30,0.00013343
2009-10-31,0.00013332
2009-11-01,0.00014047
2009-11-02,0.00014357
2009-11-03,0.0001436
2009-11-04,0.00014347
2009-11-05,0.00014331
2009-11-06,0.00014315
2009-11-07,0.00014301
2009-11-08,0.00014287
2009-11-09,0.00014273
2009-11-10,0.0001426
2009-11-11,0.00014249
2009-11-12,0.00014236
2009-11-13,0.00014223
2009-11-14,0.0001421
2009-11-15,0.00014197
2009-11-16,0.00014183
2009-11-17,0.0001417
2009-11-18,0.00014157
2009-11-19,0.00014144
2009-11-20,0.0001413
2009-11-21,0.00014116
2009-11-22,0.00014105
2009-11-23,0.00014094
2009-11-24,0.00014082
2009-11-25,0.00014069
2009-11-26,0.00014056
2009-11-27,0.00014044
2009-11-28,0.0001403
2009-11-29,0.00014012
2009-11-30,0.00013997
2009-12-01,0.00014662
2009-12-02,0.00014946
2009-12-03,0.00014948
2009-12-04,0.00014938
2009-12-05,0.00014927
2009-12-06,0.00014918
2009-12-07,0.00014908
2009-12-08,0.000149
2009-12-09,0.00014891
2009-12-10,0.0001488
2009-12-11,0.00014869
2009-12-12,0.00015331
2009-12-13,0.0001556
2009-12-14,0.00015584
2009-12-15,0.00015575
2009-12-16,0.00015562
2009-12-17,0.0001555
2009-12-18,0.00015539
2009-12-19,0.00015528
2009-12-20,0.00015516
2009-12-21,0.00015504
2009-12-22,0.00015492
2009-12-23,0.0001548
2009-12-24,0.00015468
2009-12-25,0.00015456
2009-12-26,0.00015444
2009-12-27,0.00015432
2009-12-28,0.0001542
2009-12-29,0.0001541
2009-12-30,0.000154
2009-12-31,0.00015391
2010-01-01,0.00015873
2010-01-02,0.0001609
2010-01-03,0.00016094
2010-01-04,0.00016083
2010-01-05,0.00016071
2010-01-06,0.00016059
2010-01-07,0.00016048
2010-01-08,0.00016036
2010-01-09,0.00016024
2010-01-10,0.00016012
2010-01-11,0.00015999
2010-01-12,0.00015985
2010-01-13,0.00016193
2010-01-14,0.00016225
2010-01-15,0.00016216
2010-01-16,0.00016203
2010-01-17,0.0001619
2010-01-18,0.00016201
2010-01-19,0.00016381
2010-01-20,0.00016607
2010-01-21,0.00016764
2010-01-22,0.00017161
2010-01-23,0.00017229
2010-01-24,0.00017223
2010-01-25,0.00017209
2010-01-26,0.00017301
2010-01-27,0.00017311
2010-01-28,0.00017301
2010-01-29,0.00017287
2010-01-30,0.00017274
2010-01-31,0.00017263
2010-02-01,0.00017892
2010-02-02,0.00018208
2010-02-03,0.00018219
2010-02-04,0.00018208
2010-02-05,0.00018272
2010-02-06,0.00018274
2010-02-07,0.00018262
2010-02-08,0.00018249
2010-02-09,0.00018237
2010-02-10,0.00018226
2010-02-11,0.00018216
2010-02-12,0.00018203
2010-02-13,0.0001819
2010-02-14,0.00018179
2010-02-15,0.00018169
2010-02-16,0.00018158
2010-02-17,0.00018146
2010-02-18,0.00018134
2010-02-19,0.00018124
2010-02-20,0.00018113
2010-02-21,0.00018101
2010-02-22,0.00018088
2010-02-23,0.00018075
2010-02-24,0.00018061
2010-02-25,0.00018047
2010-02-26,0.00018033
2010-02-27,0.00018285
2010-02-28,0.00018359
2010-03-01,0.00018855
2010-03-02,0.00019107
2010-03-03,0.00019113
2010-03-04,0.00019208
2010-03-05,0.00019218
2010-03-06,0.00019207
2010-03-07,0.00019194
2010-03-08,0.00019181
2010-03-09,0.00019166
2010-03-10,0.00019151
2010-03-11,0.00019137
2010-03-12,0.00019125
2010-03-13,0.00019161
2010-03-14,0.00019157
2010-03-15,0.00019143
2010-03-16,0.00019129
2010-03-17,0.00019116
2010-03-18,0.00019102
2010-03-19,0.00019087
2010-03-20,0.00019073
2010-03-21,0.0001906
2010-03-22,0.0001905
2010-03-23,0.00019037
2010-03-24,0.00019024
2010-03-25,0.0001901
2010-03-26,0.00018995
2010-03-27,0.00018981
2010-03-28,0.00018967
2010-03-29,0.00018953
2010-03-30,0.00018936
2010-03-31,0.00018918
2010-04-01,0.00019354
2010-04-02,0.00019586
2010-04-03,0.00019592
2010-04-04,0.0001958
2010-04-05,0.00019796
2010-04-06,0.00019833
2010-04-07,0.00019825
2010-04-08,0.00019811
2010-04-09,0.00019797
2010-04-10,0.00019781
2010-04-11,0.00019766
2010-04-12,0.00019902
2010-04-13,0.00019975
2010-04-14,0.00019977
2010-04-15,0.00019967
2010-04-16,0.00019955
2010-04-17,0.00019943
2010-04-18,0.00019931
2010-04-19,0.00019919
2010-04-20,0.00019905
2010-04-21,0.00020099
2010-04-22,0.00020128
2010-04-23,0.00020116
2010-04-24,0.00020103
2010-04-25,0.0002009
2010-04-26,0.00020077
2010-04-27,0.00020064
2010-04-28,0.00020045
2010-04-29,0.00020026
2010-04-30,0.00020009
2010-05-01,0.0002082
2010-05-02,0.00021265
2010-05-03,0.0002129
2010-05-04,0.00021278
2010-05-05,0.00021261
2010-05-06,0.00021241
2010-05-07,0.00021223
2010-05-08,0.00021208
2010-05-09,0.0002119
2010-05-10,0.0002117
2010-05-11,0.0002115
2010-05-12,0.00021129
2010-05-13,0.00021111
2010-05-14,0.00021096
2010-05-15,0.00021081
2010-05-16,0.00021066
2010-05-17,0.0002105
2010-05-18,0.00021031
2010-05-19,0.00021013
2010-05-20,0.00020995
2010-05-21,0.00020974
2010-05-22,0.00020952
2010-05-23,0.0002093
2010-05-24,0.00020908
2010-05-25,0.00020889
2010-05-26,0.0002087
2010-05-27,0.0002085
2010-05-28,0.0002083
2010-05-29,0.0002081
2010-05-30,0.00020792
2010-05-31,0.00020773
2010-06-01,0.00021858
2010-06-02,0.00022434
2010-06-03,0.00022464
2010-06-04,0.00022448
2010-06-05,0.00022427
2010-06-06,0.00022407
2010-06-07,0.00022384
2010-06-08,0.0002236
2010-06-09,0.00022336
2010-06-10,0.00022309
2010-06-11,0.00022281
2010-06-12,0.00022251
2010-06-13,0.00022225
2010-06-14,0.00022202
2010-06-15,0.00022178
2010-06-16,0.00022152
2010-06-17,0.00022125
2010-06-18,0.00022099
2010-06-19,0.00022073
2010-06-20,0.00022046
2010-06-21,0.00022019
2010-06-22,0.00021993
2010-06-23,0.00021968
2010-06-24,0.00021941
2010-06-25,0.00021913
2010-06-26,0.00021884
2010-06-27,0.00021855
2010-06-28,0.00021827
2010-06-29,0.00021797
2010-06-30,0.00021766
2010-07-01,0.00023133
2010-07-02,0.00023797
2010-07-03,0.0002381
2010-07-04,0.00023778
2010-07-05,0.00023745
2010-07-06,0.00023713
2010-07-07,0.00023679
2010-07-08,0.00023646
2010-07-09,0.00023611
2010-07-10,0.00023576
2010-07-11,0.00023541
2010-07-12,0.00023505
2010-07-13,0.00023468
2010-07-14,0.00023432
2010-07-15,0.00023399
2010-07-16,0.00023364
2010-07-17,0.00023327
2010-07-18,0.00023289
2010-07-19,0.0002325
2010-07-20,0.00023212
2010-07-21,0.00023174
2010-07-22,0.00023135
2010-07-23,0.00023098
2010-07-24,0.00023059
2010-07-25,0.0002302
2010-07-26,0.00022979
2010-07-27,0.00022938
2010-07-28,0.00022898
2010-07-29,0.00022859
2010-07-30,0.00022819
2010-07-31,0.00022779
2010-08-01,0.00024807
2010-08-02,0.00025701
2010-08-03,0.00025708
2010-08-04,0.00025669
2010-08-05,0.00025626
2010-08-06,0.00025582
2010-08-07,0.00025538
2010-08-08,0.00025494
2010-08-09,0.0002545
2010-08-10,0.00025408
2010-08-11,0.00025367
2010-08-12,0.00025326
2010-08-13,0.00025289
2010-08-14,0.0002525
2010-08-15,0.0002521
2010-08-16,0.0002517
2010-08-17,0.00025132
2010-08-18,0.00025095
2010-08-19,0.00025058
2010-08-20,0.0002502
2010-08-21,0.00024981
2010-08-22,0.00024944
2010-08-23,0.00024906
2010-08-24,0.00024868
2010-08-25,0.00024833
2010-08-26,0.00024799
2010-08-27,0.00024761
2010-08-28,0.00024722
2010-08-29,0.00024682
2010-08-30,0.00024644
2010-08-31,0.00024606
2010-09-01,0.00025681
2010-09-02,0.00026101
2010-09-03,0.00026086
2010-09-04,0.00026051
2010-09-05,0.00026012
2010-09-06,0.00025972
2010-09-07,0.00025933
2010-09-08,0.00025894
2010-09-09,0.00025854
2010-09-10,0.00025817
2010-09-11,0.00025784
2010-09-12,0.00025752
2010-09-13,0.00025717
2010-09-14,0.00025681
2010-09-15,0.00025645
2010-09-16,0.0002561
2010-09-17,0.00025575
2010-09-18,0.00025541
2010-09-19,0.00025508
2010-09-20,0.00025475
2010-09-21,0.00025441
2010-09-22,0.00025406
2010-09-23,0.00025372
2010-09-24,0.0002534
2010-09-25,0.0002531
2010-09-26,0.0002528
2010-09-27,0.00025249
2010-09-28,0.00025218
2010-09-29,0.00025189
2010-09-30,0.00025161
2010-10-01,0.00026035
2010-10-02,0.00026347
2010-10-03,0.00026327
2010-10-04,0.00026293
2010-10-05,0.00026257
2010-10-06,0.00026223
2010-10-07,0.00026195
2010-10-08,0.00026163
2010-10-09,0.00026134
2010-10-10,0.00026101
2010-10-11,0.00026067
2010-10-12,0.0002603
2010-10-13,0.00025995
2010-10-14,0.00025965
2010-10-15,0.00025938
2010-10-16,0.00025909
2010-10-17,0.00025879
2010-10-18,0.00025849
2010-10-19,0.00025817
2010-10-20,0.00025786
2010-10-21,0.00025756
2010-10-22,0.00025724
2010-10-23,0.00025692
2010-10-24,0.00025898
2010-10-25,0.00028951
2010-10-26,0.00029433
2010-10-27,0.00029418
2010-10-28,0.0002938
2010-10-29,0.00029342
2010-10-30,0.00029308
2010-10-31,0.00029276
2010-11-01,0.00031052
2010-11-02,0.00031754
2010-11-03,0.00031747
2010-11-04,0.00031715
2010-11-05,0.00031683
2010-11-06,0.00031649
2010-11-07,0.00031613
2010-11-08,0.00031647
2010-11-09,0.00031625
2010-11-10,0.00031596
2010-11-11,0.00031565
2010-11-12,0.00031534
2010-11-13,0.00031504
2010-11-14,0.00031472
2010-11-15,0.0003144
2010-11-16,0.00031408
2010-11-17,0.00031378
2010-11-18,0.0003135
2010-11-19,0.00031322
2010-11-20,0.00031591
2010-11-21,0.00031845
2010-11-22,0.00031855
2010-11-23,0.00031823
2010-11-24,0.00031791
2010-11-25,0.00031763
2010-11-26,0.00031734
2010-11-27,0.00031704
2010-11-28,0.00031716
2010-11-29,0.00031697
2010-11-30,0.00031671
2010-12-01,0.00033423
2010-12-02,0.00034161
2010-12-03,0.0003417
2010-12-04,0.00034147
2010-12-05,0.00034118
2010-12-06,0.00034313
2010-12-07,0.00034326
2010-12-08,0.00034301
2010-12-09,0.00034274
2010-12-10,0.00034248
2010-12-11,0.00034224
2010-12-12,0.00034203
2010-12-13,0.00034179
2010-12-14,0.00034155
2010-12-15,0.00034144
2010-12-16,0.00034124
2010-12-17,0.00034098
2010-12-18,0.00034629
2010-12-19,0.00035019
2010-12-20,0.00035668
2010-12-21,0.00035762
2010-12-22,0.00035741
2010-12-23,0.00035716
2010-12-24,0.00035691
2010-12-25,0.00035659
2010-12-26,0.00035993
2010-12-27,0.00036039
2010-12-28,0.0003602
2010-12-29,0.00036479
2010-12-30,0.00036546
2010-12-31,0.00036524
2011-01-01,0.00038374
2011-01-02,0.00039317
2011-01-03,0.00039367
2011-01-04,0.00039345
2011-01-05,0.00039316
2011-01-06,0.00039285
2011-01-07,0.00039253
2011-01-08,0.00039226
2011-01-09,0.00039202
2011-01-10,0.00039177
2011-01-11,0.00039149
2011-01-12,0.00039119
2011-01-13,0.0003909
2011-01-14,0.00039066
2011-01-15,0.00039043
2011-01-16,0.00039019
2011-01-17,0.00039001
2011-01-18,0.00038981
2011-01-19,0.00038955
2011-01-20,0.00038928
2011-01-21,0.00038898
2011-01-22,0.00038869
2011-01-23,0.00038839
2011-01-24,0.00038811
2011-01-25,0.00038786
2011-01-26,0.0003876
2011-01-27,0.00038729
2011-01-28,0.000387
2011-01-29,0.00038676
2011-01-30,0.00038652
2011-01-31,0.00038636
2011-02-01,0.00040677
2011-02-02,0.00041695
2011-02-03,0.00041741
2011-02-04,0.00041718
2011-02-05,0.00041689
2011-02-06,0.00041661
2011-02-07,0.00041633
2011-02-08,0.00041605
2011-02-09,0.00041573
2011-02-10,0.0004154
2011-02-11,0.00041508
2011-02-12,0.00041475
2011-02-13,0.00041445
2011-02-14,0.00041416
2011-02-15,0.00041377
2011-02-16,0.00041403
2011-02-17,0.00041378
2011-02-18,0.00041592
2011-02-19,0.00043118
2011-02-20,0.0004342
2011-02-21,0.00043426
2011-02-22,0.00043404
2011-02-23,0.00043381
2011-02-24,0.00043356
2011-02-25,0.00043819
2011-02-26,0.00044316
2011-02-27,0.00044395
2011-02-28,0.00044381
2011-03-01,0.00046111
2011-03-02,0.00047037
2011-03-03,0.00047084
2011-03-04,0.0004706
2011-03-05,0.00047034
2011-03-06,0.00047009
2011-03-07,0.00047489
2011-03-08,0.00047569
2011-03-09,0.00047549
2011-03-10,0.0004752
2011-03-11,0.0004749
2011-03-12,0.00047464
2011-03-13,0.00047437
2011-03-14,0.00048158
2011-03-15,0.00048293
2011-03-16,0.00051711
2011-03-17,0.00052457
2011-03-18,0.00052505
2011-03-19,0.0005326
2011-03-20,0.00053397
2011-03-21,0.00053371
2011-03-22,0.00053333
2011-03-23,0.00053292
2011-03-24,0.00053429
2011-03-25,0.00055132
2011-03-26,0.00055764
2011-03-27,0.00055888
2011-03-28,0.00055876
2011-03-29,0.00055846
2011-03-30,0.00055812
2011-03-31,0.00055773
2011-04-01,0.00057885
2011-04-02,0.00059197
2011-04-03,0.00059319
2011-04-04,0.00059294
2011-04-05,0.00059253
2011-04-06,0.0005921
2011-04-07,0.00059164
2011-04-08,0.00059114
2011-04-09,0.00059069
2011-04-10,0.0005903
2011-04-11,0.00058995
2011-04-12,0.00058957
2011-04-13,0.00058915
2011-04-14,0.00058874
2011-04-15,0.0005884
2011-04-16,0.00058806
2011-04-17,0.0005877
2011-04-18,0.00058729
2011-04-19,0.00058686
2011-04-20,0.00058645
2011-04-21,0.00058603
2011-04-22,0.00058562
2011-04-23,0.00058526
2011-04-24,0.0005849
2011-04-25,0.00058447
2011-04-26,0.000584
2011-04-27,0.00058355
2011-04-28,0.00058314
2011-04-29,0.00058267
2011-04-30,0.00058215
2011-05-01,0.0006025
2011-05-02,0.00061501
2011-05-03,0.00061619
2011-05-04,0.00061593
2011-05-05,0.00061549
2011-05-06,0.00061508
2011-05-07,0.00061464
2011-05-08,0.00061417
2011-05-09,0.00061365
2011-05-10,0.00061311
2011-05-11,0.0006126
2011-05-12,0.00061213
2011-05-13,0.00061168
2011-05-14,0.00061123
2011-05-15,0.00061069
2011-05-16,0.00061013
2011-05-17,0.0006096
2011-05-18,0.00061103
2011-05-19,0.00061098
2011-05-20,0.00061051
2011-05-21,0.00061002
2011-05-22,0.00060948
2011-05-23,0.00060889
2011-05-24,0.00060828
2011-05-25,0.00060772
2011-05-26,0.00060715
2011-05-27,0.00060661
2011-05-28,0.00060603
2011-05-29,0.0006054
2011-05-30,0.00060476
2011-05-31,0.00060418
2011-06-01,0.00063295
2011-06-02,0.00065027
2011-06-03,0.00065176
2011-06-04,0.00065144
2011-06-05,0.00065085
2011-06-06,0.00065031
2011-06-07,0.00064968
2011-06-08,0.00064907
2011-06-09,0.00064845
2011-06-10,0.00064785
2011-06-11,0.00064719
2011-06-12,0.00064652
2011-06-13,0.00064586
2011-06-14,0.00064519
2011-06-15,0.0006445
2011-06-16,0.00064379
2011-06-17,0.00064308
2011-06-18,0.00064237
2011-06-19,0.00064163
2011-06-20,0.0006409
2011-06-21,0.00064024
2011-06-22,0.00063958
2011-06-23,0.00063884
2011-06-24,0.00063807
2011-06-25,0.00063728
2011-06-26,0.00063648
2011-06-27,0.00063567
2011-06-28,0.00063484
2011-06-29,0.00063409
2011-06-30,0.00063326
2011-07-01,0.0006596
2011-07-02,0.00067465
2011-07-03,0.0006754
2011-07-04,0.00067465
2011-07-05,0.00067375
2011-07-06,0.00067281
2011-07-07,0.0006718
2011-07-08,0.00067076
2011-07-09,0.00066974
2011-07-10,0.00066869
2011-07-11,0.00066761
2011-07-12,0.00066652
2011-07-13,0.00066542
2011-07-14,0.00066431
2011-07-15,0.00066322
2011-07-16,0.00066212
2011-07-17,0.00066105
2011-07-18,0.00066005
2011-07-19,0.00065909
2011-07-20,0.0006581
2011-07-21,0.0006571
2011-07-22,0.00065608
2011-07-23,0.00065507
2011-07-24,0.00065409
2011-07-25,0.00065311
2011-07-26,0.00065212
2011-07-27,0.00065113
2011-07-28,0.00065017
2011-07-29,0.00064919
2011-07-30,0.00064817
2011-07-31,0.0006471
2011-08-01,0.00068086
2011-08-02,0.00069871
2011-08-03,0.00069927
2011-08-04,0.0006983
2011-08-05,0.00069717
2011-08-06,0.00069605
2011-08-07,0.00069492
2011-08-08,0.00069383
2011-08-09,0.00069276
2011-08-10,0.0006917
2011-08-11,0.00069062
2011-08-12,0.00068954
2011-08-13,0.00068848
2011-08-14,0.00068743
2011-08-15,0.00068635
2011-08-16,0.00068531
2011-08-17,0.00068426
2011-08-18,0.00068317
2011-08-19,0.00068207
2011-08-20,0.00068094
2011-08-21,0.00067985
2011-08-22,0.00067878
2011-08-23,0.00067775
2011-08-24,0.00067674
2011-08-25,0.00067571
2011-08-26,0.00067471
2011-08-27,0.00067374
2011-08-28,0.00067275
2011-08-29,0.00067173
2011-08-30,0.00067067
2011-08-31,0.00066963
2011-09-01,0.00069602
2011-09-02,0.00070888
2011-09-03,0.00070891
2011-09-04,0.00070808
2011-09-05,0.00070709
2011-09-06,0.00070604
2011-09-07,0.00070506
2011-09-08,0.00070407
2011-09-09,0.00070304
2011-09-10,0.000702
2011-09-11,0.00070098
2011-09-12,0.0006999
2011-09-13,0.00069884
2011-09-14,0.0006978
2011-09-15,0.00069671
2011-09-16,0.00069559
2011-09-17,0.00069452
2011-09-18,0.00069346
2011-09-19,0.00069246
2011-09-20,0.00069148
2011-09-21,0.00069048
2011-09-22,0.00068948
2011-09-23,0.00068852
2011-09-24,0.00068758
2011-09-25,0.00068656
2011-09-26,0.0006855
2011-09-27,0.00068448
2011-09-28,0.00068351
2011-09-29,0.00068262
2011-09-30,0.00068171
2011-10-01,0.00070525
2011-10-02,0.00071553
2011-10-03,0.00071512
2011-10-04,0.00071409
2011-10-05,0.00071625
2011-10-06,0.00071581
2011-10-07,0.00071495
2011-10-08,0.00071407
2011-10-09,0.00071324
2011-10-10,0.0007124
2011-10-11,0.00072796
2011-10-12,0.0007304
2011-10-13,0.00072981
2011-10-14,0.00072906
2011-10-15,0.00072831
2011-10-16,0.00072754
2011-10-17,0.00072673
2011-10-18,0.00072589
2011-10-19,0.00072507
2011-10-20,0.00072424
2011-10-21,0.00072344
2011-10-22,0.0007226
2011-10-23,0.00072174
2011-10-24,0.00072093
2011-10-25,0.00072013
2011-10-26,0.0007193
2011-10-27,0.00071842
2011-10-28,0.00071759
2011-10-29,0.00071683
2011-10-30,0.0007161
2011-10-31,0.00071534
2011-11-01,0.00073361
2011-11-02,0.00074156
2011-11-03,0.00074116
2011-11-04,0.00074034
2011-11-05,0.00073957
2011-11-06,0.00073884
2011-11-07,0.00073812
2011-11-08,0.00073743
2011-11-09,0.00073668
2011-11-10,0.00073586
2011-11-11,0.00073502
2011-11-12,0.00073426
2011-11-13,0.0007337
2011-11-14,0.00073313
2011-11-15,0.00073254
2011-11-16,0.00073198
2011-11-17,0.00073143
2011-11-18,0.00073079
2011-11-19,0.00073008
2011-11-20,0.0007294
2011-11-21,0.0007287
2011-11-22,0.00072804
2011-11-23,0.00072732
2011-11-24,0.00072661
2011-11-25,0.00072603
2011-11-26,0.00072551
2011-11-27,0.00072494
2011-11-28,0.0007244
2011-11-29,0.00072394
2011-11-30,0.0007234
2011-12-01,0.00074768
2011-12-02,0.00075805
2011-12-03,0.00075796
2011-12-04,0.00075733
2011-12-05,0.00075671
2011-12-06,0.00075608
2011-12-07,0.00075547
2011-12-08,0.00075487
2011-12-09,0.00075423
2011-12-10,0.00075358
2011-12-11,0.00075303
2011-12-12,0.00075259
2011-12-13,0.00075208
2011-12-14,0.0007516
2011-12-15,0.00075117
2011-12-16,0.00075069
2011-12-17,0.00075004
2011-12-18,0.0007494
2011-12-19,0.00074881
2011-12-20,0.00074818
2011-12-21,0.00074756
2011-12-22,0.00074695
2011-12-23,0.00074632
2011-12-24,0.00074571
2011-12-25,0.00074509
2011-12-26,0.00074456
2011-12-27,0.00074414
2011-12-28,0.00074375
2011-12-29,0.00074337
2011-12-30,0.00074295
2011-12-31,0.00074247
2012-01-01,0.00074794
2012-01-02,0.00075011
2012-01-03,0.00074975
2012-01-04,0.00074933
2012-01-05,0.00074885
2012-01-06,0.00074838
2012-01-07,0.00074789
2012-01-08,0.00074734
2012-01-09,0.00074674
2012-01-10,0.00074617
2012-01-11,0.00074562
2012-01-12,0.00074499
2012-01-13,0.00074435
2012-01-14,0.00074374
2012-01-15,0.00074324
2012-01-16,0.0007428
2012-01-17,0.00074236
2012-01-18,0.00074189
2012-01-19,0.00074129
2012-01-20,0.0007406
2012-01-21,0.00079243
2012-01-22,0.00080186
2012-01-23,0.00080772
2012-01-24,0.00081044
2012-01-25,0.00081048
2012-01-26,0.00081007
2012-01-27,0.00080959
2012-01-28,0.00080894
2012-01-29,0.00080824
2012-01-30,0.00080764
2012-01-31,0.00080724
2012-02-01,0.00082042
2012-02-02,0.00082672
2012-02-03,0.00082658
2012-02-04,0.00082592
2012-02-05,0.00082525
2012-02-06,0.00082457
2012-02-07,0.00082382
2012-02-08,0.00082306
2012-02-09,0.00082249
2012-02-10,0.00082191
2012-02-11,0.00082136
2012-02-12,0.00082081
2012-02-13,0.00082039
2012-02-14,0.00081981
2012-02-15,0.00081924
2012-02-16,0.00081861
2012-02-17,0.00081798
2012-02-18,0.0008174
2012-02-19,0.00081687
2012-02-20,0.00081639
2012-02-21,0.00081593
2012-02-22,0.00081547
2012-02-23,0.00081491
2012-02-24,0.00081432
2012-02-25,0.00081371
2012-02-26,0.0008131
2012-02-27,0.00081253
2012-02-28,0.00081203
2012-02-29,0.00081149
2012-03-01,0.00082713
2012-03-02,0.00083444
2012-03-03,0.0008344
2012-03-04,0.00083383
2012-03-05,0.00083332
2012-03-06,0.0008328
2012-03-07,0.00083212
2012-03-08,0.00083142
2012-03-09,0.00083076
2012-03-10,0.0008302
2012-03-11,0.00082973
2012-03-12,0.00082919
2012-03-13,0.0008285
2012-03-14,0.00082841
2012-03-15,0.0008399
2012-03-16,0.00084169
2012-03-17,0.00087224
2012-03-18,0.00087979
2012-03-19,0.00087999
2012-03-20,0.00087953
2012-03-21,0.00087893
2012-03-22,0.00087829
2012-03-23,0.00087769
2012-03-24,0.00087708
2012-03-25,0.00087645
2012-03-26,0.00087591
2012-03-27,0.00087525
2012-03-28,0.0008835
2012-03-29,0.00088473
2012-03-30,0.00088422
2012-03-31,0.00088348
2012-04-01,0.00089536
2012-04-02,0.00090132
2012-04-03,0.00090134
2012-04-04,0.00090081
2012-04-05,0.00090013
2012-04-06,0.0008995
2012-04-07,0.00089898
2012-04-08,0.00089845
2012-04-09,0.00089789
2012-04-10,0.00089731
2012-04-11,0.00089667
2012-04-12,0.0008962
2012-04-13,0.00092745
2012-04-14,0.00094822
2012-04-15,0.00095145
2012-04-16,0.00095125
2012-04-17,0.00095074
2012-04-18,0.00095014
2012-04-19,0.00094949
2012-04-20,0.00094881
2012-04-21,0.00094811
2012-04-22,0.00094747
2012-04-23,0.0009469
2012-04-24,0.00094623
2012-04-25,0.0009455
2012-04-26,0.00094481
2012-04-27,0.00094398
2012-04-28,0.00094319
2012-04-29,0.00094238
2012-04-30,0.00094159
2012-05-01,0.00095247
2012-05-02,0.00095819
2012-05-03,0.00095793
2012-05-04,0.00095705
2012-05-05,0.00095608
2012-05-06,0.00095506
2012-05-07,0.00095406
2012-05-08,0.00095312
2012-05-09,0.00095224
2012-05-10,0.00095131
2012-05-11,0.00095035
2012-05-12,0.00094945
2012-05-13,0.00094863
2012-05-14,0.00094778
2012-05-15,0.00094671
2012-05-16,0.00094553
2012-05-17,0.0009444
2012-05-18,0.00094327
2012-05-19,0.00094215
2012-05-20,0.00094113
2012-05-21,0.00094008
2012-05-22,0.00093899
2012-05-23,0.00093785
2012-05-24,0.00093664
2012-05-25,0.00093543
2012-05-26,0.00093423
2012-05-27,0.0009331
2012-05-28,0.00093203
2012-05-29,0.00093095
2012-05-30,0.00092987
2012-05-31,0.00092877
2012-06-01,0.00093902
2012-06-02,0.00094389
2012-06-03,0.00094315
2012-06-04,0.000942
2012-06-05,0.0009408
2012-06-06,0.00093961
2012-06-07,0.00093845
2012-06-08,0.0009373
2012-06-09,0.00093603
2012-06-10,0.00093477
2012-06-11,0.00093362
2012-06-12,0.00093255
2012-06-13,0.00093138
2012-06-14,0.00093016
2012-06-15,0.00092895
2012-06-16,0.00092775
2012-06-17,0.00092657
2012-06-18,0.00092541
2012-06-19,0.00092418
2012-06-20,0.00092298
2012-06-21,0.00092182
2012-06-22,0.00092058
2012-06-23,0.00091932
2012-06-24,0.00091807
2012-06-25,0.00091686
2012-06-26,0.00091564
2012-06-27,0.00091441
2012-06-28,0.00091317
2012-06-29,0.0009119
2012-06-30,0.00091063
2012-07-01,0.00092164
2012-07-02,0.00092639
2012-07-03,0.00092544
2012-07-04,0.00092413
2012-07-05,0.00092284
2012-07-06,0.00092154
2012-07-07,0.00092024
2012-07-08,0.00091892
2012-07-09,0.00091753
2012-07-10,0.00091616
2012-07-11,0.00091487
2012-07-12,0.00091357
2012-07-13,0.00091223
2012-07-14,0.00091087
2012-07-15,0.00090949
2012-07-16,0.00090813
2012-07-17,0.00090673
2012-07-18,0.00090543
2012-07-19,0.00090419
2012-07-20,0.00090297
2012-07-21,0.00090168
2012-07-22,0.00090037
2012-07-23,0.00089906
2012-07-24,0.00089774
2012-07-25,0.00089632
2012-07-26,0.00089485
2012-07-27,0.00089338
2012-07-28,0.00089188
2012-07-29,0.00089035
2012-07-30,0.00088885
2012-07-31,0.00088739
2012-08-01,0.00093043
2012-08-02,0.00094877
2012-08-03,0.00094832
2012-08-04,0.00094693
2012-08-05,0.00094542
2012-08-06,0.00094386
2012-08-07,0.00094232
2012-08-08,0.00094072
2012-08-09,0.00093913
2012-08-10,0.00093758
2012-08-11,0.00093606
2012-08-12,0.0009346
2012-08-13,0.00093309
2012-08-14,0.00093158
2012-08-15,0.00093003
2012-08-16,0.0009284
2012-08-17,0.00092675
2012-08-18,0.00092503
2012-08-19,0.00092328
2012-08-20,0.00092155
2012-08-21,0.00091985
2012-08-22,0.00091817
2012-08-23,0.00091653
2012-08-24,0.00091487
2012-08-25,0.00091326
2012-08-26,0.00091163
2012-08-27,0.00091002
2012-08-28,0.00090853
2012-08-29,0.00090704
2012-08-30,0.00090557
2012-08-31,0.0009041
2012-09-01,0.00094125
2012-09-02,0.00095512
2012-09-03,0.00095419
2012-09-04,0.00095275
2012-09-05,0.00095126
2012-09-06,0.00094978
2012-09-07,0.00094834
2012-09-08,0.00094687
2012-09-09,0.00094531
2012-09-10,0.00094376
2012-09-11,0.00094232
2012-09-12,0.000941
2012-09-13,0.00093975
2012-09-14,0.00093848
2012-09-15,0.00093724
2012-09-16,0.00093595
2012-09-17,0.00093471
2012-09-18,0.00093344
2012-09-19,0.00093214
2012-09-20,0.00093082
2012-09-21,0.00092955
2012-09-22,0.00092829
2012-09-23,0.00092703
2012-09-24,0.00092578
2012-09-25,0.00092458
2012-09-26,0.00092341
2012-09-27,0.00092232
2012-09-28,0.00092121
2012-09-29,0.00091998
2012-09-30,0.00091874
2012-10-01,0.00095778
2012-10-02,0.0009713
2012-10-03,0.0009705
2012-10-04,0.00096919
2012-10-05,0.00096776
2012-10-06,0.00096642
2012-10-07,0.00096516
2012-10-08,0.00096389
2012-10-09,0.00096254
2012-10-10,0.00096124
2012-10-11,0.00095992
2012-10-12,0.00095857
2012-10-13,0.00095724
2012-10-14,0.00095603
2012-10-15,0.00095486
2012-10-16,0.00095367
2012-10-17,0.00095241
2012-10-18,0.00095113
2012-10-19,0.0009499
2012-10-20,0.00094871
2012-10-21,0.00094748
2012-10-22,0.0009462
2012-10-23,0.00094938
2012-10-24,0.00094891
2012-10-25,0.00094786
2012-10-26,0.00094681
2012-10-27,0.00094574
2012-10-28,0.00094472
2012-10-29,0.00094376
2012-10-30,0.00094296
2012-10-31,0.00094209
2012-11-01,0.00097347
2012-11-02,0.00098421
2012-11-03,0.0009837
2012-11-04,0.00098279
2012-11-05,0.00098176
2012-11-06,0.00098071
2012-11-07,0.00097976
2012-11-08,0.00097883
2012-11-09,0.00097778
2012-11-10,0.00097682
2012-11-11,0.00097591
2012-11-12,0.00097501
2012-11-13,0.00097417
2012-11-14,0.00097332
2012-11-15,0.00097247
2012-11-16,0.00097156
2012-11-17,0.00097057
2012-11-18,0.00098184
2012-11-19,0.00098283
2012-11-20,0.00098186
2012-11-21,0.00098081
2012-11-22,0.00097989
2012-11-23,0.00097905
2012-11-24,0.0009782
2012-11-25,0.00097744
2012-11-26,0.00097674
2012-11-27,0.00097588
2012-11-28,0.00097488
2012-11-29,0.00097739
2012-11-30,0.00098107
2012-12-01,0.0011007
2012-12-02,0.0011283
2012-12-03,0.0011819
2012-12-04,0.0011909
2012-12-05,0.0011908
2012-12-06,0.0011898
2012-12-07,0.0011889
2012-12-08,0.001188
2012-12-09,0.0011871
2012-12-10,0.0011861
2012-12-11,0.0011851
2012-12-12,0.0011842
2012-12-13,0.0011832
2012-12-14,0.0011824
2012-12-15,0.0011815
2012-12-16,0.0011805
2012-12-17,0.0011794
2012-12-18,0.0011783
2012-12-19,0.0011773
2012-12-20,0.0011763
2012-12-21,0.001175
2012-12-22,0.0011737
2012-12-23,0.001186
2012-12-24,0.001193
2012-12-25,0.0011934
2012-12-26,0.0012145
2012-12-27,0.001218
2012-12-28,0.0012174
2012-12-29,0.0012165
2012-12-30,0.0012157
2012-12-31,0.001215
2013-01-01,0.0012203
2013-01-02,0.0012224
2013-01-03,0.0012215
2013-01-04,0.0012206
2013-01-05,0.0012197
2013-01-06,0.0012188
2013-01-07,0.0012181
2013-01-08,0.0012175
2013-01-09,0.0012168
2013-01-10,0.001216
2013-01-11,0.0012152
2013-01-12,0.0012145
2013-01-13,0.0012138
2013-01-14,0.001213
2013-01-15,0.0012122
2013-01-16,0.0012116
2013-01-17,0.0012112
2013-01-18,0.0012107
2013-01-19,0.0012098
2013-01-20,0.001209
2013-01-21,0.0012086
2013-01-22,0.0012083
2013-01-23,0.0012079
2013-01-24,0.0012076
2013-01-25,0.0012073
2013-01-26,0.0012069
2013-01-27,0.0012063
2013-01-28,0.0012056
2013-01-29,0.0012049
2013-01-30,0.0012042
2013-01-31,0.0012034
2013-02-01,0.0012027
2013-02-02,0.0012019
2013-02-03,0.0012011
2013-02-04,0.0012004
2013-02-05,0.0011998
2013-02-06,0.0011992
2013-02-07,0.0011987
2013-02-08,0.001198
2013-02-09,0.0011972
2013-02-10,0.0011964
2013-02-11,0.0011957
2013-02-12,0.0011949
2013-02-13,0.0011941
2013-02-14,0.0011933
2013-02-15,0.0011923
2013-02-16,0.0011914
2013-02-17,0.0011906
2013-02-18,0.0011899
2013-02-19,0.0011892
2013-02-20,0.0011883
2013-02-21,0.0011874
2013-02-22,0.0011867
2013-02-23,0.001186
2013-02-24,0.0011852
2013-02-25,0.0011844
2013-02-26,0.0011837
2013-02-27,0.001183
2013-02-28,0.0011823
2013-03-01,0.0011817
2013-03-02,0.0011809
2013-03-03,0.0011802
2013-03-04,0.0011796
2013-03-05,0.0011789
2013-03-06,0.0011781
2013-03-07,0.0011771
2013-03-08,0.0011764
2013-03-09,0.0011756
2013-03-10,0.0011748
2013-03-11,0.001174
2013-03-12,0.0011732
2013-03-13,0.0011724
2013-03-14,0.0011717
2013-03-15,0.001171
2013-03-16,0.0011702
2013-03-17,0.0011694
2013-03-18,0.0011685
2013-03-19,0.0011678
2013-03-20,0.001167
2013-03-21,0.001166
2013-03-22,0.001165
2013-03-23,0.0011641
2013-03-24,0.0011633
2013-03-25,0.0011626
2013-03-26,0.0011618
2013-03-27,0.001161
2013-03-28,0.0011603
2013-03-29,0.0011596
2013-03-30,0.0011588
2013-03-31,0.0011599
2013-04-01,0.0011595
2013-04-02,0.0011587
2013-04-03,0.0011579
2013-04-04,0.0011571
2013-04-05,0.0011561
2013-04-06,0.0011551
2013-04-07,0.001154
2013-04-08,0.0011528
2013-04-09,0.0011514
2013-04-10,0.0011503
2013-04-11,0.0011493
2013-04-12,0.0011482
2013-04-13,0.0011471
2013-04-14,0.001146
2013-04-15,0.0011449
2013-04-16,0.0011436
2013-04-17,0.0011424
2013-04-18,0.0011413
2013-04-19,0.0011403
2013-04-20,0.0011393
2013-04-21,0.0011383
2013-04-22,0.0011372
2013-04-23,0.0011361
2013-04-24,0.001135
2013-04-25,0.0011339
2013-04-26,0.0011329
2013-04-27,0.0011319
2013-04-28,0.0011308
2013-04-29,0.0011297
2013-04-30,0.0011284
2013-05-01,0.0011271
2013-05-02,0.0011257
2013-05-03,0.0011245
2013-05-04,0.0011235
2013-05-05,0.0011223
2013-05-06,0.0011212
2013-05-07,0.00112
2013-05-08,0.0011188
2013-05-09,0.0011175
2013-05-10,0.0011163
2013-05-11,0.001115
2013-05-12,0.0011139
2013-05-13,0.0011126
2013-05-14,0.0011114
2013-05-15,0.0011101
2013-05-16,0.0011087
2013-05-17,0.0011072
2013-05-18,0.0011058
2013-05-19,0.0011043
2013-05-20,0.0011029
2013-05-21,0.0011015
2013-05-22,0.0011
2013-05-23,0.0010985
2013-05-24,0.001097
2013-05-25,0.0010957
2013-05-26,0.0010943
2013-05-27,0.0010929
2013-05-28,0.0010915
2013-05-29,0.0010902
2013-05-30,0.0010889
2013-05-31,0.0010875
2013-06-01,0.0010861
2013-06-02,0.0010848
2013-06-03,0.0010836
2013-06-04,0.0010824
2013-06-05,0.0010812
2013-06-06,0.0010799
2013-06-07,0.0010785
2013-06-08,0.0010771
2013-06-09,0.0010758
2013-06-10,0.0010744
2013-06-11,0.0010729
2013-06-12,0.0010714
2013-06-13,0.0010699
2013-06-14,0.0010684
2013-06-15,0.001067
2013-06-16,0.0010655
2013-06-17,0.001064
2013-06-18,0.0010624
2013-06-19,0.0010608
2013-06-20,0.0010592
2013-06-21,0.0010577
2013-06-22,0.0010561
2013-06-23,0.0010546
2013-06-24,0.0010531
2013-06-25,0.0010516
2013-06-26,0.0010501
2013-06-27,0.0010487
2013-06-28,0.0010472
2013-06-29,0.0010456
2013-06-30,0.0010439
2013-07-01,0.0010423
2013-07-02,0.0010406
2013-07-03,0.001039
2013-07-04,0.0010374
2013-07-05,0.0010357
2013-07-06,0.001034
2013-07-07,0.0010323
2013-07-08,0.0010308
2013-07-09,0.0010292
2013-07-10,0.0010276
2013-07-11,0.001026
2013-07-12,0.0010244
2013-07-13,0.0010227
2013-07-14,0.0010211
2013-07-15,0.0010195
2013-07-16,0.0010178
2013-07-17,0.0010161
2013-07-18,0.0010144
2013-07-19,0.0010127
2013-07-20,0.0010109
2013-07-21,0.0010091
2013-07-22,0.0010073
2013-07-23,0.0010054
2013-07-24,0.0010035
2013-07-25,0.0010016
2013-07-26,0.00099966
2013-07-27,0.00099772
2013-07-28,0.00099577
2013-07-29,0.00099385
2013-07-30,0.000992
2013-07-31,0.0009902
2013-08-01,0.00098836
2013-08-02,0.00098655
2013-08-03,0.00098485
2013-08-04,0.00098315
2013-08-05,0.00098141
2013-08-06,0.00097966
2013-08-07,0.00097791
2013-08-08,0.00097613
2013-08-09,0.00097438
2013-08-10,0.00097266
2013-08-11,0.00097099
2013-08-12,0.00096933
2013-08-13,0.00096769
2013-08-14,0.00096607
2013-08-15,0.00096442
2013-08-16,0.00096284
2013-08-17,0.00096126
2013-08-18,0.00095965
2013-08-19,0.0009581
2013-08-20,0.00095659
2013-08-21,0.00095504
2013-08-22,0.00095347
2013-08-23,0.00095189
2013-08-24,0.00095029
2013-08-25,0.0009487
2013-08-26,0.00094718
2013-08-27,0.00094574
2013-08-28,0.00094433
2013-08-29,0.00094294
2013-08-30,0.00094153
2013-08-31,0.00094008
2013-09-01,0.00093864
2013-09-02,0.00093719
2013-09-03,0.00093571
2013-09-04,0.00093425
2013-09-05,0.00093279
2013-09-06,0.00093128
2013-09-07,0.00092987
2013-09-08,0.00092855
2013-09-09,0.00092717
2013-09-10,0.00092581
2013-09-11,0.0009244
2013-09-12,0.00092285
2013-09-13,0.00092127
2013-09-14,0.00091971
2013-09-15,0.00091824
2013-09-16,0.00091683
2013-09-17,0.00091539
2013-09-18,0.00091387
2013-09-19,0.00091246
2013-09-20,0.00091116
2013-09-21,0.00090984
2013-09-22,0.00090842
2013-09-23,0.00090712
2013-09-24,0.00090594
2013-09-25,0.00090456
2013-09-26,0.00090309
2013-09-27,0.0009017
2013-09-28,0.00090055
2013-09-29,0.00089941
2013-09-30,0.0008981
2013-10-01,0.00089684
2013-10-02,0.00089562
2013-10-03,0.00089435
2013-10-04,0.00089299
2013-10-05,0.00089165
2013-10-06,0.0008905
2013-10-07,0.00088945
2013-10-08,0.00088835
2013-10-09,0.00088722
2013-10-10,0.00088613
2013-10-11,0.00088519
2013-10-12,0.00088426
2013-10-13,0.00088329
2013-10-14,0.00088229
2013-10-15,0.00088127
2013-10-16,0.00088026
2013-10-17,0.00087936
2013-10-18,0.00087848
2013-10-19,0.0008776
2013-10-20,0.00087679
2013-10-21,0.00087591
2013-10-22,0.00087503
2013-10-23,0.00087423
2013-10-24,0.00087348
2013-10-25,0.00087275
2013-10-26,0.00087199
2013-10-27,0.00087115
2013-10-28,0.00087022
2013-10-29,0.00086923
2013-10-30,0.00086843
2013-10-31,0.00086768
2013-11-01,0.00086679
2013-11-02,0.00086593
2013-11-03,0.00086512
2013-11-04,0.00086417
2013-11-05,0.00086326
2013-11-06,0.00086247
2013-11-07,0.00086176
2013-11-08,0.00086114
2013-11-09,0.00086046
2013-11-10,0.00085971
2013-11-11,0.00085894
2013-11-12,0.00085823
2013-11-13,0.00085752
2013-11-14,0.00085674
2013-11-15,0.00085596
2013-11-16,0.00085514
2013-11-17,0.00085441
2013-11-18,0.00085382
2013-11-19,0.00085314
2013-11-20,0.0008523
2013-11-21,0.00085164
2013-11-22,0.00085058
2013-11-23,0.00084933
2013-11-24,0.00084844
2013-11-25,0.00084776
2013-11-26,0.00084705
2013-11-27,0.00084627
2013-11-28,0.00084549
2013-11-29,0.00084484
2013-11-30,0.00084426
2013-12-01,0.00084927
2013-12-02,0.00084994
2013-12-03,0.00084924
2013-12-04,0.00084849
2013-12-05,0.00084781
2013-12-06,0.00084713
2013-12-07,0.00084642
2013-12-08,0.00084574
2013-12-09,0.00084506
2013-12-10,0.00084433
2013-12-11,0.00084361
2013-12-12,0.0008429
2013-12-13,0.00084229
2013-12-14,0.0008417
2013-12-15,0.00084102
2013-12-16,0.00084031
2013-12-17,0.00083958
2013-12-18,0.00083894
2013-12-19,0.00083836
2013-12-20,0.00083775
2013-12-21,0.00083725
2013-12-22,0.00083678
2013-12-23,0.00083623
2013-12-24,0.00083565
2013-12-25,0.00083502
2013-12-26,0.00083432
2013-12-27,0.00083364
2013-12-28,0.00083301
2013-12-29,0.00083239
2013-12-30,0.00083169
2013-12-31,0.00083111
2014-01-01,0.00083057
2014-01-02,0.00082999
2014-01-03,0.00082943
2014-01-04,0.0008289
2014-01-05,0.00082825
2014-01-06,0.00082752
2014-01-07,0.00082694
2014-01-08,0.00082647
2014-01-09,0.00082597
2014-01-10,0.00082548
2014-01-11,0.000825
2014-01-12,0.00082443
2014-01-13,0.00082383
2014-01-14,0.00082316
2014-01-15,0.00082242
2014-01-16,0.00082164
2014-01-17,0.00082086
2014-01-18,0.00082014
2014-01-19,0.00081946
2014-01-20,0.00081877
2014-01-21,0.00081809
2014-01-22,0.00081743
2014-01-23,0.00081673
2014-01-24,0.00081584
2014-01-25,0.00081504
2014-01-26,0.00081437
2014-01-27,0.00081378
2014-01-28,0.00081333
2014-01-29,0.00081287
2014-01-30,0.00081227
2014-01-31,0.00081164
2014-02-01,0.000811
2014-02-02,0.00081036
2014-02-03,0.00080973
2014-02-04,0.00080927
2014-02-05,0.00080882
2014-02-06,0.00080826
2014-02-07,0.00080756
2014-02-08,0.00080776
2014-02-09,0.00093122
2014-02-10,0.00098595
2014-02-11,0.00099113
2014-02-12,0.00099064
2014-02-13,0.00098995
2014-02-14,0.00098924
2014-02-15,0.00098845
2014-02-16,0.00098766
2014-02-17,0.00098706
2014-02-18,0.00098652
2014-02-19,0.00098591
2014-02-20,0.00098522
2014-02-21,0.00098454
2014-02-22,0.00098383
2014-02-23,0.00098318
2014-02-24,0.00098257
2014-02-25,0.00098192
2014-02-26,0.00098123
2014-02-27,0.00098077
2014-02-28,0.00097982
2014-03-01,0.0010318
2014-03-02,0.0010389
2014-03-03,0.0010383
2014-03-04,0.0010374
2014-03-05,0.0010366
2014-03-06,0.001038
2014-03-07,0.0010375
2014-03-08,0.0010367
2014-03-09,0.0010359
2014-03-10,0.0010351
2014-03-11,0.0010342
2014-03-12,0.0010331
2014-03-13,0.0010321
2014-03-14,0.0010312
2014-03-15,0.0010305
2014-03-16,0.0010297
2014-03-17,0.0010289
2014-03-18,0.0010279
2014-03-19,0.001027
2014-03-20,0.0010262
2014-03-21,0.0010254
2014-03-22,0.0010246
2014-03-23,0.001024
2014-03-24,0.0010232
2014-03-25,0.0010224
2014-03-26,0.0010215
2014-03-27,0.0010205
2014-03-28,0.0010195
2014-03-29,0.0010185
2014-03-30,0.0010293
2014-03-31,0.0010302
2014-04-01,0.0010309
2014-04-02,0.0010319
2014-04-03,0.0010315
2014-04-04,0.0010308
2014-04-05,0.0010301
2014-04-06,0.0010292
2014-04-07,0.0010284
2014-04-08,0.0010277
2014-04-09,0.001027
2014-04-10,0.0010263
2014-04-11,0.0010256
2014-04-12,0.0010248
2014-04-13,0.0010239
2014-04-14,0.0010231
2014-04-15,0.0010223
2014-04-16,0.0010213
2014-04-17,0.0010203
2014-04-18,0.0010194
2014-04-19,0.0010185
2014-04-20,0.0010176
2014-04-21,0.0010167
2014-04-22,0.0010158
2014-04-23,0.0010149
2014-04-24,0.0010139
2014-04-25,0.001013
2014-04-26,0.0010127
2014-04-27,0.0010118
2014-04-28,0.0010108
2014-04-29,0.0010099
2014-04-30,0.0010088
2014-05-01,0.0010077
2014-05-02,0.0010068
2014-05-03,0.0010059
2014-05-04,0.0010048
2014-05-05,0.0010037
2014-05-06,0.0010025
2014-05-07,0.0010013
2014-05-08,0.0010002
2014-05-09,0.00099906
2014-05-10,0.0009979
2014-05-11,0.00099672
2014-05-12,0.00099564
2014-05-13,0.00099466
2014-05-14,0.00099374
2014-05-15,0.00099289
2014-05-16,0.00099192
2014-05-17,0.00099086
2014-05-18,0.0009897
2014-05-19,0.00098852
2014-05-20,0.00098739
2014-05-21,0.00098623
2014-05-22,0.00098519
2014-05-23,0.00098423
2014-05-24,0.0009831
2014-05-25,0.00098191
2014-05-26,0.00098069
2014-05-27,0.00097946
2014-05-28,0.0009782
2014-05-29,0.00097689
2014-05-30,0.00097569
2014-05-31,0.00097454
2014-06-01,0.0009734
2014-06-02,0.00097228
2014-06-03,0.00097107
2014-06-04,0.00096987
2014-06-05,0.00096868
2014-06-06,0.0009675
2014-06-07,0.00096623
2014-06-08,0.00096493
2014-06-09,0.00096366
2014-06-10,0.00096244
2014-06-11,0.00096113
2014-06-12,0.00095977
2014-06-13,0.00095833
2014-06-14,0.00095689
2014-06-15,0.00095549
2014-06-16,0.00095402
2014-06-17,0.00095255
2014-06-18,0.00095115
2014-06-19,0.00094984
2014-06-20,0.00094847
2014-06-21,0.00094703
2014-06-22,0.00094558
2014-06-23,0.00094413
2014-06-24,0.00094261
2014-06-25,0.00094107
2014-06-26,0.00093959
2014-06-27,0.00093816
2014-06-28,0.00093677
2014-06-29,0.00093534
2014-06-30,0.00093396
2014-07-01,0.00093265
2014-07-02,0.00093122
2014-07-03,0.00092968
2014-07-04,0.0009282
2014-07-05,0.0009268
2014-07-06,0.0009254
2014-07-07,0.00092395
2014-07-08,0.00092252
2014-07-09,0.0009211
2014-07-10,0.00091966
2014-07-11,0.00091824
2014-07-12,0.00091681
2014-07-13,0.00091531
2014-07-14,0.00091375
2014-07-15,0.0009122
2014-07-16,0.00091063
2014-07-17,0.00090897
2014-07-18,0.00090729
2014-07-19,0.00090566
2014-07-20,0.00090404
2014-07-21,0.00090242
2014-07-22,0.00090091
2014-07-23,0.00089941
2014-07-24,0.00089787
2014-07-25,0.0008963
2014-07-26,0.0008948
2014-07-27,0.00089328
2014-07-28,0.00089168
2014-07-29,0.00089003
2014-07-30,0.0008884
2014-07-31,0.00088679
2014-08-01,0.00088521
2014-08-02,0.00088364
2014-08-03,0.00088202
2014-08-04,0.00088039
2014-08-05,0.00087877
2014-08-06,0.00087718
2014-08-07,0.00087559
2014-08-08,0.00087399
2014-08-09,0.00087239
2014-08-10,0.00087081
2014-08-11,0.00086931
2014-08-12,0.00086782
2014-08-13,0.00086629
2014-08-14,0.00086477
2014-08-15,0.00086331
2014-08-16,0.00086189
2014-08-17,0.00086046
2014-08-18,0.00085898
2014-08-19,0.00085746
2014-08-20,0.00085587
2014-08-21,0.00085432
2014-08-22,0.00085282
2014-08-23,0.00085137
2014-08-24,0.00085003
2014-08-25,0.00084863
2014-08-26,0.00084719
2014-08-27,0.00084582
2014-08-28,0.00084447
2014-08-29,0.00084303
2014-08-30,0.00084154
2014-08-31,0.00084009
2014-09-01,0.00083871
2014-09-02,0.00083739
2014-09-03,0.0008361
2014-09-04,0.00083484
2014-09-05,0.00083369
2014-09-06,0.00083261
2014-09-07,0.00083144
2014-09-08,0.00083022
2014-09-09,0.00082894
2014-09-10,0.00082767
2014-09-11,0.00082655
2014-09-12,0.00082552
2014-09-13,0.00082438
2014-09-14,0.0008232
2014-09-15,0.00082212
2014-09-16,0.00082101
2014-09-17,0.0008198
2014-09-18,0.00081853
2014-09-19,0.00081726
2014-09-20,0.00081605
2014-09-21,0.00081482
2014-09-22,0.00081355
2014-09-23,0.00081236
2014-09-24,0.00081118
2014-09-25,0.00080998
2014-09-26,0.00080872
2014-09-27,0.00080745
2014-09-28,0.00080615
2014-09-29,0.00080498
2014-09-30,0.00080383
2014-10-01,0.0008026
2014-10-02,0.00080139
2014-10-03,0.00080029
2014-10-04,0.00079922
2014-10-05,0.00079817
2014-10-06,0.00079717
2014-10-07,0.00079619
2014-10-08,0.00079508
2014-10-09,0.00079394
2014-10-10,0.00079284
2014-10-11,0.00079175
2014-10-12,0.00079062
2014-10-13,0.00078947
2014-10-14,0.00078832
2014-10-15,0.00078716
2014-10-16,0.00078616
2014-10-17,0.00078526
2014-10-18,0.00078439
2014-10-19,0.00078362
2014-10-20,0.00078275
2014-10-21,0.00078183
2014-10-22,0.00078103
2014-10-23,0.00078024
2014-10-24,0.00077932
2014-10-25,0.00077827
2014-10-26,0.00077716
2014-10-27,0.00077621
2014-10-28,0.00077531
2014-10-29,0.00077446
2014-10-30,0.00077367
2014-10-31,0.00077285
2014-11-01,0.00077263
2014-11-02,0.00077178
2014-11-03,0.00077093
2014-11-04,0.00077011
2014-11-05,0.00076931
2014-11-06,0.00076851
2014-11-07,0.00076782
2014-11-08,0.0007671
2014-11-09,0.00076639
2014-11-10,0.0007658
2014-11-11,0.00076516
2014-11-12,0.00076449
2014-11-13,0.00076379
2014-11-14,0.00076304
2014-11-15,0.00076232
2014-11-16,0.00076154
2014-11-17,0.00076075
2014-11-18,0.00075992
2014-11-19,0.00075908
2014-11-20,0.00075829
2014-11-21,0.00075763
2014-11-22,0.00075695
2014-11-23,0.00075622
2014-11-24,0.00075561
2014-11-25,0.00075498
2014-11-26,0.00075436
2014-11-27,0.00075372
2014-11-28,0.00075307
2014-11-29,0.00075233
2014-11-30,0.00075157
2014-12-01,0.00075084
2014-12-02,0.00075007
2014-12-03,0.00075335
2014-12-04,0.00080375
2014-12-05,0.00080755
2014-12-06,0.00080674
2014-12-07,0.00080596
2014-12-08,0.00080523
2014-12-09,0.00080449
2014-12-10,0.00080374
2014-12-11,0.00080271
2014-12-12,0.00087175
2014-12-13,0.00087925
2014-12-14,0.00087869
2014-12-15,0.00087783
2014-12-16,0.00087842
2014-12-17,0.00087841
2014-12-18,0.00087769
2014-12-19,0.00087685
2014-12-20,0.00088053
2014-12-21,0.00088033
2014-12-22,0.00087964
2014-12-23,0.00087898
2014-12-24,0.00087825
2014-12-25,0.00087748
2014-12-26,0.00087663
2014-12-27,0.00087585
2014-12-28,0.00087514
2014-12-29,0.00087455
2014-12-30,0.00087386
2014-12-31,0.00087304
