"date","h2_fol002"
2008-01-01,0
2008-01-02,0
2008-01-03,0
2008-01-04,0
2008-01-05,0
2008-01-06,0
2008-01-07,0
2008-01-08,0
2008-01-09,0
2008-01-10,0
2008-01-11,0
2008-01-12,0
2008-01-13,0
2008-01-14,0
2008-01-15,0
2008-01-16,0
2008-01-17,0
2008-01-18,0
2008-01-19,0
2008-01-20,0
2008-01-21,0
2008-01-22,0
2008-01-23,0
2008-01-24,0
2008-01-25,0
2008-01-26,0
2008-01-27,0
2008-01-28,0
2008-01-29,0
2008-01-30,0
2008-01-31,0
2008-02-01,0
2008-02-02,0
2008-02-03,0
2008-02-04,0
2008-02-05,0
2008-02-06,0
2008-02-07,0
2008-02-08,0
2008-02-09,0
2008-02-10,0
2008-02-11,0
2008-02-12,0
2008-02-13,0
2008-02-14,0
2008-02-15,0
2008-02-16,0
2008-02-17,0
2008-02-18,0
2008-02-19,0
2008-02-20,0
2008-02-21,0
2008-02-22,0
2008-02-23,0
2008-02-24,0
2008-02-25,0
2008-02-26,0
2008-02-27,0
2008-02-28,0
2008-02-29,0
2008-03-01,0
2008-03-02,0
2008-03-03,0
2008-03-04,0
2008-03-05,0
2008-03-06,0
2008-03-07,0
2008-03-08,0
2008-03-09,0
2008-03-10,0
2008-03-11,0
2008-03-12,0
2008-03-13,0
2008-03-14,0
2008-03-15,0
2008-03-16,0
2008-03-17,0
2008-03-18,0
2008-03-19,0
2008-03-20,0
2008-03-21,0
2008-03-22,0
2008-03-23,0
2008-03-24,0
2008-03-25,0
2008-03-26,0
2008-03-27,0
2008-03-28,0
2008-03-29,0
2008-03-30,0
2008-03-31,0
2008-04-01,0
2008-04-02,0
2008-04-03,0
2008-04-04,0
2008-04-05,0
2008-04-06,0
2008-04-07,0
2008-04-08,0
2008-04-09,0
2008-04-10,0
2008-04-11,0
2008-04-12,0
2008-04-13,0
2008-04-14,0
2008-04-15,0
2008-04-16,0
2008-04-17,0
2008-04-18,0
2008-04-19,0
2008-04-20,0
2008-04-21,0
2008-04-22,0
2008-04-23,0
2008-04-24,0
2008-04-25,0
2008-04-26,0
2008-04-27,0
2008-04-28,0
2008-04-29,0
2008-04-30,0
2008-05-01,0
2008-05-02,0
2008-05-03,0
2008-05-04,0
2008-05-05,0
2008-05-06,0
2008-05-07,0
2008-05-08,0
2008-05-09,0
2008-05-10,0
2008-05-11,0
2008-05-12,0
2008-05-13,0
2008-05-14,0
2008-05-15,0
2008-05-16,0
2008-05-17,0
2008-05-18,0
2008-05-19,0
2008-05-20,0
2008-05-21,0
2008-05-22,0
2008-05-23,0
2008-05-24,0
2008-05-25,0
2008-05-26,0
2008-05-27,0
2008-05-28,0
2008-05-29,0
2008-05-30,0
2008-05-31,0
2008-06-01,0
2008-06-02,0
2008-06-03,0
2008-06-04,0
2008-06-05,0
2008-06-06,0
2008-06-07,0
2008-06-08,0
2008-06-09,0
2008-06-10,0
2008-06-11,0
2008-06-12,0
2008-06-13,0
2008-06-14,0
2008-06-15,0
2008-06-16,0
2008-06-17,0
2008-06-18,0
2008-06-19,0
2008-06-20,0
2008-06-21,0
2008-06-22,0
2008-06-23,0
2008-06-24,0
2008-06-25,0
2008-06-26,0
2008-06-27,0
2008-06-28,0
2008-06-29,0
2008-06-30,0
2008-07-01,0
2008-07-02,0
2008-07-03,0
2008-07-04,0
2008-07-05,0
2008-07-06,0
2008-07-07,0
2008-07-08,0
2008-07-09,0
2008-07-10,0
2008-07-11,0
2008-07-12,0
2008-07-13,0
2008-07-14,0
2008-07-15,0
2008-07-16,0
2008-07-17,0
2008-07-18,0
2008-07-19,0
2008-07-20,0
2008-07-21,0
2008-07-22,0
2008-07-23,0
2008-07-24,0
2008-07-25,0
2008-07-26,0
2008-07-27,0
2008-07-28,0
2008-07-29,0
2008-07-30,0
2008-07-31,0
2008-08-01,0
2008-08-02,0
2008-08-03,0
2008-08-04,0
2008-08-05,0
2008-08-06,0
2008-08-07,0
2008-08-08,0
2008-08-09,0
2008-08-10,0
2008-08-11,0
2008-08-12,0
2008-08-13,0
2008-08-14,0
2008-08-15,0
2008-08-16,0
2008-08-17,0
2008-08-18,0
2008-08-19,0
2008-08-20,0
2008-08-21,0
2008-08-22,0
2008-08-23,0
2008-08-24,0
2008-08-25,0
2008-08-26,0
2008-08-27,0
2008-08-28,0
2008-08-29,0
2008-08-30,0
2008-08-31,0
2008-09-01,0
2008-09-02,0
2008-09-03,0
2008-09-04,0
2008-09-05,0
2008-09-06,0
2008-09-07,0
2008-09-08,0
2008-09-09,0
2008-09-10,0
2008-09-11,0
2008-09-12,0
2008-09-13,0
2008-09-14,0
2008-09-15,0
2008-09-16,0
2008-09-17,0
2008-09-18,0
2008-09-19,0
2008-09-20,0
2008-09-21,0
2008-09-22,0
2008-09-23,0
2008-09-24,0
2008-09-25,0
2008-09-26,0
2008-09-27,0
2008-09-28,0
2008-09-29,0
2008-09-30,0
2008-10-01,0
2008-10-02,0
2008-10-03,0
2008-10-04,0
2008-10-05,0
2008-10-06,0
2008-10-07,0
2008-10-08,0
2008-10-09,0
2008-10-10,0
2008-10-11,0
2008-10-12,0
2008-10-13,0
2008-10-14,0
2008-10-15,0
2008-10-16,0
2008-10-17,0
2008-10-18,0
2008-10-19,0
2008-10-20,0
2008-10-21,0
2008-10-22,0
2008-10-23,0
2008-10-24,0
2008-10-25,0
2008-10-26,0
2008-10-27,0
2008-10-28,0
2008-10-29,0
2008-10-30,0
2008-10-31,0
2008-11-01,0
2008-11-02,0
2008-11-03,0
2008-11-04,0
2008-11-05,0
2008-11-06,0
2008-11-07,0
2008-11-08,0
2008-11-09,0
2008-11-10,0
2008-11-11,0
2008-11-12,0
2008-11-13,0
2008-11-14,0
2008-11-15,0
2008-11-16,0
2008-11-17,0
2008-11-18,0
2008-11-19,0
2008-11-20,0
2008-11-21,0
2008-11-22,0
2008-11-23,0
2008-11-24,0
2008-11-25,0
2008-11-26,0
2008-11-27,0
2008-11-28,0
2008-11-29,0
2008-11-30,0
2008-12-01,0
2008-12-02,0
2008-12-03,0
2008-12-04,0
2008-12-05,0
2008-12-06,0
2008-12-07,0
2008-12-08,0
2008-12-09,0
2008-12-10,0
2008-12-11,0
2008-12-12,0
2008-12-13,0
2008-12-14,0
2008-12-15,0
2008-12-16,0
2008-12-17,0
2008-12-18,0
2008-12-19,0
2008-12-20,0
2008-12-21,0
2008-12-22,0
2008-12-23,0
2008-12-24,0
2008-12-25,0
2008-12-26,0
2008-12-27,0
2008-12-28,0
2008-12-29,0
2008-12-30,0
2008-12-31,0
2009-01-01,0.0007724
2009-01-02,0.00070618
2009-01-03,0.0006371
2009-01-04,0.00057176
2009-01-05,0.00051276
2009-01-06,0.0004702
2009-01-07,0.00043717
2009-01-08,0.00040651
2009-01-09,0.00037161
2009-01-10,0.00033297
2009-01-11,0.00030052
2009-01-12,0.00026931
2009-01-13,0.00023945
2009-01-14,0.00021426
2009-01-15,0.00019257
2009-01-16,0.0001729
2009-01-17,0.00015525
2009-01-18,0.00013965
2009-01-19,0.00012522
2009-01-20,0.0001135
2009-01-21,0.00010484
2009-01-22,9.7402e-05
2009-01-23,9.1029e-05
2009-01-24,8.4603e-05
2009-01-25,7.9484e-05
2009-01-26,7.4988e-05
2009-01-27,7.2305e-05
2009-01-28,7.0271e-05
2009-01-29,6.6909e-05
2009-01-30,6.2455e-05
2009-01-31,5.9076e-05
2009-02-01,0.00046936
2009-02-02,0.00042052
2009-02-03,0.00037438
2009-02-04,0.00033505
2009-02-05,0.00030224
2009-02-06,0.00027396
2009-02-07,0.00024901
2009-02-08,0.00023062
2009-02-09,0.00021291
2009-02-10,0.00019873
2009-02-11,0.00018544
2009-02-12,0.00017073
2009-02-13,0.00015861
2009-02-14,0.00013871
2009-02-15,0.00012154
2009-02-16,0.00010573
2009-02-17,9.6088e-05
2009-02-18,8.7156e-05
2009-02-19,8.3081e-05
2009-02-20,7.9125e-05
2009-02-21,7.5677e-05
2009-02-22,7.1687e-05
2009-02-23,6.6079e-05
2009-02-24,6.2903e-05
2009-02-25,6.1525e-05
2009-02-26,5.9785e-05
2009-02-27,5.9287e-05
2009-02-28,5.8592e-05
2009-03-01,0.0030218
2009-03-02,0.0026469
2009-03-03,0.0022771
2009-03-04,0.001977
2009-03-05,0.0018356
2009-03-06,0.001713
2009-03-07,0.00161
2009-03-08,0.0015192
2009-03-09,0.001409
2009-03-10,0.0013155
2009-03-11,0.001247
2009-03-12,0.0011761
2009-03-13,0.0011045
2009-03-14,0.0010398
2009-03-15,0.00096653
2009-03-16,0.00088485
2009-03-17,0.0008317
2009-03-18,0.00079936
2009-03-19,0.00075958
2009-03-20,0.00071962
2009-03-21,0.00068216
2009-03-22,0.00063532
2009-03-23,0.00059281
2009-03-24,0.00056126
2009-03-25,0.00053607
2009-03-26,0.00051036
2009-03-27,0.00048655
2009-03-28,0.00046796
2009-03-29,0.00044238
2009-03-30,0.00041499
2009-03-31,0.00039831
2009-04-01,0.0021122
2009-04-02,0.001936
2009-04-03,0.001752
2009-04-04,0.0015975
2009-04-05,0.0014875
2009-04-06,0.0013877
2009-04-07,0.0013093
2009-04-08,0.0012099
2009-04-09,0.0011229
2009-04-10,0.0010455
2009-04-11,0.00097102
2009-04-12,0.00091318
2009-04-13,0.00086142
2009-04-14,0.00078173
2009-04-15,0.00069638
2009-04-16,0.0006407
2009-04-17,0.00060921
2009-04-18,0.00058443
2009-04-19,0.00055877
2009-04-20,0.00053715
2009-04-21,0.00052162
2009-04-22,0.00050568
2009-04-23,0.00048534
2009-04-24,0.00046234
2009-04-25,0.00043867
2009-04-26,0.00041871
2009-04-27,0.00040301
2009-04-28,0.00038598
2009-04-29,0.00037164
2009-04-30,0.00036247
2009-05-01,0.0013984
2009-05-02,0.001263
2009-05-03,0.0011507
2009-05-04,0.0010522
2009-05-05,0.00096234
2009-05-06,0.00088989
2009-05-07,0.00083217
2009-05-08,0.00077765
2009-05-09,0.00073065
2009-05-10,0.00068954
2009-05-11,0.00064902
2009-05-12,0.00060507
2009-05-13,0.00056594
2009-05-14,0.00053459
2009-05-15,0.00050694
2009-05-16,0.00048494
2009-05-17,0.00047806
2009-05-18,0.0004698
2009-05-19,0.00044878
2009-05-20,0.00043262
2009-05-21,0.00042272
2009-05-22,0.00040909
2009-05-23,0.00039006
2009-05-24,0.00037081
2009-05-25,0.00035389
2009-05-26,0.00033956
2009-05-27,0.00033149
2009-05-28,0.00032543
2009-05-29,0.00031529
2009-05-30,0.00030345
2009-05-31,0.00029244
2009-06-01,0.0025008
2009-06-02,0.0022799
2009-06-03,0.0021214
2009-06-04,0.001974
2009-06-05,0.0017949
2009-06-06,0.0016347
2009-06-07,0.0014986
2009-06-08,0.0013723
2009-06-09,0.0012523
2009-06-10,0.0011398
2009-06-11,0.0010398
2009-06-12,0.00095506
2009-06-13,0.00087786
2009-06-14,0.00081022
2009-06-15,0.00075595
2009-06-16,0.0007048
2009-06-17,0.0006535
2009-06-18,0.00060685
2009-06-19,0.0005638
2009-06-20,0.000521
2009-06-21,0.00048167
2009-06-22,0.00045229
2009-06-23,0.00043676
2009-06-24,0.00042383
2009-06-25,0.00040467
2009-06-26,0.00038734
2009-06-27,0.00037661
2009-06-28,0.00037001
2009-06-29,0.00035999
2009-06-30,0.00034623
2009-07-01,0.0026166
2009-07-02,0.0023876
2009-07-03,0.0021652
2009-07-04,0.0019525
2009-07-05,0.0017609
2009-07-06,0.0015883
2009-07-07,0.0014363
2009-07-08,0.0012958
2009-07-09,0.0011695
2009-07-10,0.0010641
2009-07-11,0.00097781
2009-07-12,0.0008988
2009-07-13,0.00082503
2009-07-14,0.0007678
2009-07-15,0.00072648
2009-07-16,0.00068723
2009-07-17,0.00064859
2009-07-18,0.00061271
2009-07-19,0.00057914
2009-07-20,0.0005456
2009-07-21,0.00051042
2009-07-22,0.00047764
2009-07-23,0.00044987
2009-07-24,0.00042619
2009-07-25,0.00040405
2009-07-26,0.00038483
2009-07-27,0.00037051
2009-07-28,0.00035801
2009-07-29,0.00034278
2009-07-30,0.00032717
2009-07-31,0.00031247
2009-08-01,0.0050492
2009-08-02,0.0043965
2009-08-03,0.0038314
2009-08-04,0.0033661
2009-08-05,0.0029703
2009-08-06,0.0026053
2009-08-07,0.0023054
2009-08-08,0.0020732
2009-08-09,0.0018746
2009-08-10,0.0017165
2009-08-11,0.0015522
2009-08-12,0.0013759
2009-08-13,0.0012187
2009-08-14,0.0010834
2009-08-15,0.00098121
2009-08-16,0.00091565
2009-08-17,0.00087264
2009-08-18,0.00084233
2009-08-19,0.0008138
2009-08-20,0.0007662
2009-08-21,0.00070989
2009-08-22,0.00066279
2009-08-23,0.00061827
2009-08-24,0.00058205
2009-08-25,0.00055776
2009-08-26,0.00054465
2009-08-27,0.00053144
2009-08-28,0.00050851
2009-08-29,0.00048478
2009-08-30,0.00046177
2009-08-31,0.0004426
2009-09-01,0.0036949
2009-09-02,0.0033992
2009-09-03,0.0030778
2009-09-04,0.0027168
2009-09-05,0.0023966
2009-09-06,0.002114
2009-09-07,0.0018641
2009-09-08,0.001686
2009-09-09,0.0015547
2009-09-10,0.0014426
2009-09-11,0.0013509
2009-09-12,0.0012475
2009-09-13,0.0011313
2009-09-14,0.0010161
2009-09-15,0.00092771
2009-09-16,0.00085839
2009-09-17,0.00079762
2009-09-18,0.0007727
2009-09-19,0.00074881
2009-09-20,0.00071115
2009-09-21,0.00067695
2009-09-22,0.00063824
2009-09-23,0.00061519
2009-09-24,0.00061453
2009-09-25,0.0006175
2009-09-26,0.00060878
2009-09-27,0.00060711
2009-09-28,0.00059484
2009-09-29,0.00055526
2009-09-30,0.00051431
2009-10-01,0.0029642
2009-10-02,0.002645
2009-10-03,0.0023353
2009-10-04,0.0019942
2009-10-05,0.0017772
2009-10-06,0.0016079
2009-10-07,0.0014571
2009-10-08,0.001352
2009-10-09,0.0012682
2009-10-10,0.0012037
2009-10-11,0.0011198
2009-10-12,0.0010218
2009-10-13,0.00084012
2009-10-14,0.00061811
2009-10-15,0.00057576
2009-10-16,0.00055603
2009-10-17,0.00054222
2009-10-18,0.00053195
2009-10-19,0.00051604
2009-10-20,0.00050562
2009-10-21,0.00050531
2009-10-22,0.00050302
2009-10-23,0.00049553
2009-10-24,0.00048565
2009-10-25,0.0004767
2009-10-26,0.00047574
2009-10-27,0.00045102
2009-10-28,0.00040932
2009-10-29,0.00039681
2009-10-30,0.00040428
2009-10-31,0.00041328
2009-11-01,0.0024022
2009-11-02,0.0022153
2009-11-03,0.0020378
2009-11-04,0.0018528
2009-11-05,0.0016525
2009-11-06,0.0014936
2009-11-07,0.001377
2009-11-08,0.0012698
2009-11-09,0.0011832
2009-11-10,0.0011242
2009-11-11,0.0010807
2009-11-12,0.0010157
2009-11-13,0.00094954
2009-11-14,0.00090161
2009-11-15,0.00084442
2009-11-16,0.00078741
2009-11-17,0.00074385
2009-11-18,0.00069966
2009-11-19,0.00066061
2009-11-20,0.00061596
2009-11-21,0.00058246
2009-11-22,0.00057478
2009-11-23,0.00056147
2009-11-24,0.00053614
2009-11-25,0.00050643
2009-11-26,0.00048503
2009-11-27,0.00047337
2009-11-28,0.00043615
2009-11-29,0.00039488
2009-11-30,0.00037648
2009-12-01,0.0022235
2009-12-02,0.0020166
2009-12-03,0.0018347
2009-12-04,0.0016833
2009-12-05,0.0015682
2009-12-06,0.0014653
2009-12-07,0.001378
2009-12-08,0.0013131
2009-12-09,0.0012341
2009-12-10,0.0011391
2009-12-11,0.0010408
2009-12-12,0.00091217
2009-12-13,0.00082075
2009-12-14,0.00077119
2009-12-15,0.00072797
2009-12-16,0.00067848
2009-12-17,0.00064439
2009-12-18,0.00061809
2009-12-19,0.0005872
2009-12-20,0.00055725
2009-12-21,0.00053483
2009-12-22,0.00050895
2009-12-23,0.00048949
2009-12-24,0.00047295
2009-12-25,0.00045207
2009-12-26,0.00043274
2009-12-27,0.00041785
2009-12-28,0.00040794
2009-12-29,0.00040314
2009-12-30,0.00040289
2009-12-31,0.00039662
2010-01-01,0.0016588
2010-01-02,0.0015345
2010-01-03,0.001422
2010-01-04,0.0012969
2010-01-05,0.0011928
2010-01-06,0.0010999
2010-01-07,0.0010187
2010-01-08,0.0009445
2010-01-09,0.00087601
2010-01-10,0.00081697
2010-01-11,0.00075855
2010-01-12,0.00068836
2010-01-13,0.00061686
2010-01-14,0.00059113
2010-01-15,0.00056503
2010-01-16,0.00053412
2010-01-17,0.00050478
2010-01-18,0.00046175
2010-01-19,0.00040418
2010-01-20,0.00034884
2010-01-21,0.00031895
2010-01-22,0.00030593
2010-01-23,0.00030656
2010-01-24,0.00030626
2010-01-25,0.0002996
2010-01-26,0.00029117
2010-01-27,0.0002942
2010-01-28,0.00029595
2010-01-29,0.00029344
2010-01-30,0.00029338
2010-01-31,0.00029885
2010-02-01,0.0018091
2010-02-02,0.0016722
2010-02-03,0.0015592
2010-02-04,0.0014426
2010-02-05,0.0012992
2010-02-06,0.0012048
2010-02-07,0.0011254
2010-02-08,0.0010625
2010-02-09,0.0010081
2010-02-10,0.00096899
2010-02-11,0.00092809
2010-02-12,0.00087228
2010-02-13,0.00083011
2010-02-14,0.00080163
2010-02-15,0.00077446
2010-02-16,0.00074535
2010-02-17,0.000712
2010-02-18,0.00068899
2010-02-19,0.00067516
2010-02-20,0.00065409
2010-02-21,0.00062725
2010-02-22,0.00059979
2010-02-23,0.00056715
2010-02-24,0.00053226
2010-02-25,0.00051346
2010-02-26,0.00048453
2010-02-27,0.00044989
2010-02-28,0.00044648
2010-03-01,0.001576
2010-03-02,0.0014578
2010-03-03,0.0013344
2010-03-04,0.0012178
2010-03-05,0.0011466
2010-03-06,0.0010824
2010-03-07,0.0010279
2010-03-08,0.00097424
2010-03-09,0.00090785
2010-03-10,0.00084936
2010-03-11,0.00081273
2010-03-12,0.00077488
2010-03-13,0.00072485
2010-03-14,0.00068798
2010-03-15,0.00064969
2010-03-16,0.00062208
2010-03-17,0.0006029
2010-03-18,0.00057606
2010-03-19,0.00054832
2010-03-20,0.00052808
2010-03-21,0.00052041
2010-03-22,0.00051201
2010-03-23,0.00049656
2010-03-24,0.00048253
2010-03-25,0.00046551
2010-03-26,0.00045088
2010-03-27,0.00043836
2010-03-28,0.00042602
2010-03-29,0.00041085
2010-03-30,0.00038835
2010-03-31,0.00037046
2010-04-01,0.00139
2010-04-02,0.0013086
2010-04-03,0.0012255
2010-04-04,0.0011456
2010-04-05,0.00104
2010-04-06,0.00098874
2010-04-07,0.00094451
2010-04-08,0.00089129
2010-04-09,0.00083761
2010-04-10,0.00078888
2010-04-11,0.00073654
2010-04-12,0.00066883
2010-04-13,0.00062953
2010-04-14,0.00061335
2010-04-15,0.00060175
2010-04-16,0.00058876
2010-04-17,0.00057591
2010-04-18,0.00056332
2010-04-19,0.00054975
2010-04-20,0.0005306
2010-04-21,0.00049198
2010-04-22,0.00046615
2010-04-23,0.00045222
2010-04-24,0.00044373
2010-04-25,0.00043667
2010-04-26,0.00043553
2010-04-27,0.00042221
2010-04-28,0.00039605
2010-04-29,0.00037801
2010-04-30,0.00036349
2010-05-01,0.0021519
2010-05-02,0.0019932
2010-05-03,0.001863
2010-05-04,0.0017411
2010-05-05,0.0016005
2010-05-06,0.0014708
2010-05-07,0.0013883
2010-05-08,0.0013131
2010-05-09,0.0012176
2010-05-10,0.0011244
2010-05-11,0.0010315
2010-05-12,0.00096003
2010-05-13,0.00091081
2010-05-14,0.0008809
2010-05-15,0.00085601
2010-05-16,0.00082778
2010-05-17,0.00079
2010-05-18,0.00075106
2010-05-19,0.00071948
2010-05-20,0.00068306
2010-05-21,0.00063875
2010-05-22,0.00059777
2010-05-23,0.00056044
2010-05-24,0.00053134
2010-05-25,0.00051247
2010-05-26,0.00049069
2010-05-27,0.00047128
2010-05-28,0.00045264
2010-05-29,0.00043731
2010-05-30,0.00042691
2010-05-31,0.00041598
2010-06-01,0.0028297
2010-06-02,0.0026062
2010-06-03,0.0024301
2010-06-04,0.0022498
2010-06-05,0.0020939
2010-06-06,0.0019599
2010-06-07,0.0018047
2010-06-08,0.001655
2010-06-09,0.0015182
2010-06-10,0.001376
2010-06-11,0.0012309
2010-06-12,0.0011091
2010-06-13,0.0010361
2010-06-14,0.00098357
2010-06-15,0.00091995
2010-06-16,0.00084877
2010-06-17,0.00079032
2010-06-18,0.00074557
2010-06-19,0.0006986
2010-06-20,0.00065251
2010-06-21,0.00061459
2010-06-22,0.00059074
2010-06-23,0.00056973
2010-06-24,0.00054345
2010-06-25,0.00051601
2010-06-26,0.00048975
2010-06-27,0.0004711
2010-06-28,0.00045673
2010-06-29,0.00043772
2010-06-30,0.00041596
2010-07-01,0.0035746
2010-07-02,0.00318
2010-07-03,0.0028294
2010-07-04,0.0025571
2010-07-05,0.0023455
2010-07-06,0.0021474
2010-07-07,0.0019675
2010-07-08,0.001798
2010-07-09,0.0016376
2010-07-10,0.0015037
2010-07-11,0.001386
2010-07-12,0.0012668
2010-07-13,0.0011533
2010-07-14,0.0010724
2010-07-15,0.0010166
2010-07-16,0.00095087
2010-07-17,0.000879
2010-07-18,0.00081606
2010-07-19,0.00076247
2010-07-20,0.00071848
2010-07-21,0.00067618
2010-07-22,0.00064383
2010-07-23,0.00061561
2010-07-24,0.00058417
2010-07-25,0.00055324
2010-07-26,0.0005198
2010-07-27,0.00049245
2010-07-28,0.00046966
2010-07-29,0.00044787
2010-07-30,0.00042752
2010-07-31,0.0004095
2010-08-01,0.0053783
2010-08-02,0.0047986
2010-08-03,0.0042894
2010-08-04,0.0038466
2010-08-05,0.0034332
2010-08-06,0.0030559
2010-08-07,0.0027149
2010-08-08,0.002408
2010-08-09,0.0021526
2010-08-10,0.001943
2010-08-11,0.0017549
2010-08-12,0.0016164
2010-08-13,0.0015081
2010-08-14,0.0013893
2010-08-15,0.0012629
2010-08-16,0.001159
2010-08-17,0.001084
2010-08-18,0.0010176
2010-08-19,0.00095323
2010-08-20,0.00088962
2010-08-21,0.00083261
2010-08-22,0.00078161
2010-08-23,0.00073267
2010-08-24,0.00069491
2010-08-25,0.0006817
2010-08-26,0.00066429
2010-08-27,0.00062957
2010-08-28,0.00059323
2010-08-29,0.00056086
2010-08-30,0.00053486
2010-08-31,0.00051421
2010-09-01,0.0033338
2010-09-02,0.0030562
2010-09-03,0.0028288
2010-09-04,0.0025786
2010-09-05,0.002311
2010-09-06,0.0020655
2010-09-07,0.0018713
2010-09-08,0.0016808
2010-09-09,0.0015147
2010-09-10,0.0014024
2010-09-11,0.0013437
2010-09-12,0.0012858
2010-09-13,0.0011963
2010-09-14,0.0011094
2010-09-15,0.0010357
2010-09-16,0.00097113
2010-09-17,0.00091871
2010-09-18,0.00087745
2010-09-19,0.00083865
2010-09-20,0.00080088
2010-09-21,0.00076438
2010-09-22,0.00072045
2010-09-23,0.00068475
2010-09-24,0.00066685
2010-09-25,0.00065416
2010-09-26,0.00063718
2010-09-27,0.00061704
2010-09-28,0.00060745
2010-09-29,0.00061038
2010-09-30,0.00061968
2010-10-01,0.0030474
2010-10-02,0.0028173
2010-10-03,0.0025946
2010-10-04,0.0023369
2010-10-05,0.002066
2010-10-06,0.0018991
2010-10-07,0.0017719
2010-10-08,0.0016435
2010-10-09,0.0015393
2010-10-10,0.0014059
2010-10-11,0.001266
2010-10-12,0.0011404
2010-10-13,0.0010531
2010-10-14,0.0010141
2010-10-15,0.00099935
2010-10-16,0.00096857
2010-10-17,0.00092838
2010-10-18,0.0008811
2010-10-19,0.00083537
2010-10-20,0.00080618
2010-10-21,0.00077591
2010-10-22,0.00074145
2010-10-23,0.00069993
2010-10-24,0.00060474
2010-10-25,0.00047764
2010-10-26,0.00046639
2010-10-27,0.00045667
2010-10-28,0.00043834
2010-10-29,0.00042526
2010-10-30,0.00042157
2010-10-31,0.00041973
2010-11-01,0.0047866
2010-11-02,0.0043132
2010-11-03,0.0038646
2010-11-04,0.0035272
2010-11-05,0.0032438
2010-11-06,0.0029509
2010-11-07,0.0026388
2010-11-08,0.0023197
2010-11-09,0.0021496
2010-11-10,0.002009
2010-11-11,0.0018508
2010-11-12,0.0017218
2010-11-13,0.0015958
2010-11-14,0.0014666
2010-11-15,0.0013487
2010-11-16,0.0012481
2010-11-17,0.0011777
2010-11-18,0.0011145
2010-11-19,0.0010573
2010-11-20,0.00096713
2010-11-21,0.00087916
2010-11-22,0.0008191
2010-11-23,0.00076551
2010-11-24,0.00072815
2010-11-25,0.00070405
2010-11-26,0.00067349
2010-11-27,0.00064676
2010-11-28,0.00062223
2010-11-29,0.00060723
2010-11-30,0.00058961
2010-12-01,0.0046778
2010-12-02,0.0042524
2010-12-03,0.0039016
2010-12-04,0.0035801
2010-12-05,0.0032274
2010-12-06,0.0028607
2010-12-07,0.0026074
2010-12-08,0.0023999
2010-12-09,0.0022145
2010-12-10,0.0020647
2010-12-11,0.0019547
2010-12-12,0.0018577
2010-12-13,0.0017551
2010-12-14,0.001651
2010-12-15,0.0015516
2010-12-16,0.0014772
2010-12-17,0.0013827
2010-12-18,0.0012391
2010-12-19,0.0011098
2010-12-20,0.00099708
2010-12-21,0.00094365
2010-12-22,0.00090469
2010-12-23,0.00088426
2010-12-24,0.0008565
2010-12-25,0.00080026
2010-12-26,0.00073756
2010-12-27,0.0007249
2010-12-28,0.00071448
2010-12-29,0.00067092
2010-12-30,0.00064862
2010-12-31,0.00064077
2011-01-01,0.0044805
2011-01-02,0.0040364
2011-01-03,0.0037034
2011-01-04,0.0034532
2011-01-05,0.0032053
2011-01-06,0.0029578
2011-01-07,0.0027394
2011-01-08,0.0025923
2011-01-09,0.0024721
2011-01-10,0.0023303
2011-01-11,0.0021763
2011-01-12,0.0020315
2011-01-13,0.001919
2011-01-14,0.0018402
2011-01-15,0.001765
2011-01-16,0.0017075
2011-01-17,0.0016795
2011-01-18,0.0016232
2011-01-19,0.0015484
2011-01-20,0.0014687
2011-01-21,0.0013878
2011-01-22,0.0013169
2011-01-23,0.0012473
2011-01-24,0.0011967
2011-01-25,0.0011632
2011-01-26,0.0011127
2011-01-27,0.0010549
2011-01-28,0.0010188
2011-01-29,0.0010013
2011-01-30,0.00098065
2011-01-31,0.00095621
2011-02-01,0.0051767
2011-02-02,0.0048103
2011-02-03,0.0044777
2011-02-04,0.0041863
2011-02-05,0.0039149
2011-02-06,0.0036766
2011-02-07,0.0034662
2011-02-08,0.0032441
2011-02-09,0.0030089
2011-02-10,0.0028003
2011-02-11,0.0026094
2011-02-12,0.002439
2011-02-13,0.0023099
2011-02-14,0.002168
2011-02-15,0.001959
2011-02-16,0.0017424
2011-02-17,0.0015952
2011-02-18,0.0014919
2011-02-19,0.0013832
2011-02-20,0.0013623
2011-02-21,0.001348
2011-02-22,0.0013237
2011-02-23,0.0013038
2011-02-24,0.0012676
2011-02-25,0.0011901
2011-02-26,0.0011358
2011-02-27,0.0011299
2011-02-28,0.0011121
2011-03-01,0.0044632
2011-03-02,0.0041462
2011-03-03,0.0038704
2011-03-04,0.0036735
2011-03-05,0.003532
2011-03-06,0.0033861
2011-03-07,0.0031478
2011-03-08,0.0029552
2011-03-09,0.0028256
2011-03-10,0.0026986
2011-03-11,0.0025896
2011-03-12,0.0025124
2011-03-13,0.0024141
2011-03-14,0.0022619
2011-03-15,0.0021234
2011-03-16,0.0019461
2011-03-17,0.0018112
2011-03-18,0.0017367
2011-03-19,0.0016129
2011-03-20,0.0014993
2011-03-21,0.0014288
2011-03-22,0.0013818
2011-03-23,0.0013112
2011-03-24,0.0012084
2011-03-25,0.0011069
2011-03-26,0.0010358
2011-03-27,0.0009995
2011-03-28,0.00098893
2011-03-29,0.00098926
2011-03-30,0.00098125
2011-03-31,0.00096394
2011-04-01,0.0053785
2011-04-02,0.0050536
2011-04-03,0.0047375
2011-04-04,0.0044543
2011-04-05,0.0042105
2011-04-06,0.0039716
2011-04-07,0.0037125
2011-04-08,0.0034681
2011-04-09,0.0032868
2011-04-10,0.003168
2011-04-11,0.003057
2011-04-12,0.0029225
2011-04-13,0.0027776
2011-04-14,0.00267
2011-04-15,0.0026011
2011-04-16,0.002522
2011-04-17,0.0024315
2011-04-18,0.0023206
2011-04-19,0.0022265
2011-04-20,0.0021458
2011-04-21,0.0020569
2011-04-22,0.001996
2011-04-23,0.0019596
2011-04-24,0.0019031
2011-04-25,0.0018211
2011-04-26,0.0017389
2011-04-27,0.0016846
2011-04-28,0.0016354
2011-04-29,0.0015582
2011-04-30,0.0014771
2011-05-01,0.0057686
2011-05-02,0.0055275
2011-05-03,0.005292
2011-05-04,0.0049627
2011-05-05,0.0046947
2011-05-06,0.0044844
2011-05-07,0.0042513
2011-05-08,0.0039986
2011-05-09,0.0037317
2011-05-10,0.0034911
2011-05-11,0.0033029
2011-05-12,0.0031535
2011-05-13,0.0030331
2011-05-14,0.0028953
2011-05-15,0.0027089
2011-05-16,0.0025536
2011-05-17,0.0024162
2011-05-18,0.0022689
2011-05-19,0.0021636
2011-05-20,0.002073
2011-05-21,0.0019923
2011-05-22,0.001897
2011-05-23,0.0017887
2011-05-24,0.0017012
2011-05-25,0.0016327
2011-05-26,0.0015683
2011-05-27,0.0015159
2011-05-28,0.0014501
2011-05-29,0.0013737
2011-05-30,0.0013153
2011-05-31,0.0012739
2011-06-01,0.0073416
2011-06-02,0.00684
2011-06-03,0.0064523
2011-06-04,0.0060132
2011-06-05,0.0056251
2011-06-06,0.0052838
2011-06-07,0.0049149
2011-06-08,0.004598
2011-06-09,0.0043203
2011-06-10,0.004059
2011-06-11,0.0037819
2011-06-12,0.0035321
2011-06-13,0.0033141
2011-06-14,0.0031157
2011-06-15,0.002926
2011-06-16,0.0027464
2011-06-17,0.0025969
2011-06-18,0.002457
2011-06-19,0.0023109
2011-06-20,0.0022065
2011-06-21,0.0021459
2011-06-22,0.0020675
2011-06-23,0.0019658
2011-06-24,0.0018721
2011-06-25,0.001785
2011-06-26,0.0017015
2011-06-27,0.001625
2011-06-28,0.0015535
2011-06-29,0.0014724
2011-06-30,0.0014128
2011-07-01,0.0071258
2011-07-02,0.0066104
2011-07-03,0.0061421
2011-07-04,0.0057166
2011-07-05,0.0053582
2011-07-06,0.0050018
2011-07-07,0.0046163
2011-07-08,0.0042819
2011-07-09,0.0039876
2011-07-10,0.0036939
2011-07-11,0.0034165
2011-07-12,0.0031556
2011-07-13,0.0029085
2011-07-14,0.0026901
2011-07-15,0.002493
2011-07-16,0.0023092
2011-07-17,0.0021654
2011-07-18,0.0020706
2011-07-19,0.0019804
2011-07-20,0.0018818
2011-07-21,0.0017882
2011-07-22,0.0016922
2011-07-23,0.0016158
2011-07-24,0.0015556
2011-07-25,0.001494
2011-07-26,0.0014359
2011-07-27,0.0013885
2011-07-28,0.0013533
2011-07-29,0.001316
2011-07-30,0.0012631
2011-07-31,0.0012144
2011-08-01,0.0088575
2011-08-02,0.008136
2011-08-03,0.0074525
2011-08-04,0.0067503
2011-08-05,0.0061
2011-08-06,0.0055274
2011-08-07,0.0050085
2011-08-08,0.0045835
2011-08-09,0.0042191
2011-08-10,0.0038896
2011-08-11,0.0035847
2011-08-12,0.0033168
2011-08-13,0.0031017
2011-08-14,0.0028983
2011-08-15,0.0027177
2011-08-16,0.002575
2011-08-17,0.0024328
2011-08-18,0.00229
2011-08-19,0.0021483
2011-08-20,0.0020146
2011-08-21,0.0019059
2011-08-22,0.001819
2011-08-23,0.0017582
2011-08-24,0.0016986
2011-08-25,0.0016395
2011-08-26,0.001603
2011-08-27,0.001573
2011-08-28,0.0015337
2011-08-29,0.0014786
2011-08-30,0.0014207
2011-08-31,0.0013683
2011-09-01,0.0076829
2011-09-02,0.0071741
2011-09-03,0.006806
2011-09-04,0.006475
2011-09-05,0.0060053
2011-09-06,0.0055825
2011-09-07,0.0052717
2011-09-08,0.0049622
2011-09-09,0.0046229
2011-09-10,0.0043418
2011-09-11,0.0040773
2011-09-12,0.0037767
2011-09-13,0.0035371
2011-09-14,0.0033184
2011-09-15,0.0030717
2011-09-16,0.0028498
2011-09-17,0.0026634
2011-09-18,0.0025128
2011-09-19,0.0024089
2011-09-20,0.0023126
2011-09-21,0.0022164
2011-09-22,0.0021366
2011-09-23,0.0020857
2011-09-24,0.0020266
2011-09-25,0.0019246
2011-09-26,0.0018244
2011-09-27,0.0017479
2011-09-28,0.0017091
2011-09-29,0.0016956
2011-09-30,0.0016621
2011-10-01,0.0074074
2011-10-02,0.0066525
2011-10-03,0.0060268
2011-10-04,0.005463
2011-10-05,0.0047946
2011-10-06,0.0043916
2011-10-07,0.0041325
2011-10-08,0.0038832
2011-10-09,0.0036821
2011-10-10,0.0034622
2011-10-11,0.0031047
2011-10-12,0.0029405
2011-10-13,0.0028362
2011-10-14,0.0027578
2011-10-15,0.0026824
2011-10-16,0.0025938
2011-10-17,0.0024897
2011-10-18,0.0023909
2011-10-19,0.0022959
2011-10-20,0.0022088
2011-10-21,0.0021324
2011-10-22,0.0020312
2011-10-23,0.0019403
2011-10-24,0.0018785
2011-10-25,0.0018125
2011-10-26,0.00173
2011-10-27,0.001643
2011-10-28,0.0015839
2011-10-29,0.0015515
2011-10-30,0.0015136
2011-10-31,0.0014725
2011-11-01,0.0058171
2011-11-02,0.0051589
2011-11-03,0.0046447
2011-11-04,0.0042585
2011-11-05,0.003989
2011-11-06,0.0037513
2011-11-07,0.0035485
2011-11-08,0.0033563
2011-11-09,0.0031169
2011-11-10,0.0028565
2011-11-11,0.0026141
2011-11-12,0.0024856
2011-11-13,0.0024404
2011-11-14,0.0023646
2011-11-15,0.0022856
2011-11-16,0.0022275
2011-11-17,0.0021573
2011-11-18,0.0020361
2011-11-19,0.0019166
2011-11-20,0.0018082
2011-11-21,0.0017105
2011-11-22,0.0016263
2011-11-23,0.0015226
2011-11-24,0.00145
2011-11-25,0.0014278
2011-11-26,0.0014063
2011-11-27,0.0013696
2011-11-28,0.0013618
2011-11-29,0.001364
2011-11-30,0.0013214
2011-12-01,0.0068799
2011-12-02,0.0058744
2011-12-03,0.0053041
2011-12-04,0.0048385
2011-12-05,0.0044444
2011-12-06,0.0040848
2011-12-07,0.0037786
2011-12-08,0.0035002
2011-12-09,0.0032238
2011-12-10,0.002982
2011-12-11,0.0028537
2011-12-12,0.0027572
2011-12-13,0.002633
2011-12-14,0.0025418
2011-12-15,0.0024829
2011-12-16,0.0023598
2011-12-17,0.0021793
2011-12-18,0.0020482
2011-12-19,0.0019318
2011-12-20,0.0018114
2011-12-21,0.0017166
2011-12-22,0.0016258
2011-12-23,0.0015401
2011-12-24,0.001463
2011-12-25,0.0013997
2011-12-26,0.0013766
2011-12-27,0.0013765
2011-12-28,0.0013805
2011-12-29,0.0013841
2011-12-30,0.0013688
2011-12-31,0.0013385
2012-01-01,0.0027039
2012-01-02,0.0025008
2012-01-03,0.0023859
2012-01-04,0.0022999
2012-01-05,0.0022028
2012-01-06,0.0021185
2012-01-07,0.0020227
2012-01-08,0.0019053
2012-01-09,0.0017899
2012-01-10,0.0017058
2012-01-11,0.0016221
2012-01-12,0.0015223
2012-01-13,0.0014335
2012-01-14,0.0013756
2012-01-15,0.0013544
2012-01-16,0.0013431
2012-01-17,0.0013314
2012-01-18,0.0012992
2012-01-19,0.0012337
2012-01-20,0.0011579
2012-01-21,0.00099558
2012-01-22,0.00094783
2012-01-23,0.0009109
2012-01-24,0.00090608
2012-01-25,0.00092368
2012-01-26,0.00094435
2012-01-27,0.00094661
2012-01-28,0.00091949
2012-01-29,0.00089315
2012-01-30,0.0008997
2012-01-31,0.00092364
2012-02-01,0.0039399
2012-02-02,0.0036959
2012-02-03,0.0034126
2012-02-04,0.00313
2012-02-05,0.0028928
2012-02-06,0.0026681
2012-02-07,0.0024184
2012-02-08,0.0022395
2012-02-09,0.0021314
2012-02-10,0.0020278
2012-02-11,0.0019396
2012-02-12,0.0018614
2012-02-13,0.001764
2012-02-14,0.0016828
2012-02-15,0.0016088
2012-02-16,0.0015265
2012-02-17,0.0014605
2012-02-18,0.0014097
2012-02-19,0.0013761
2012-02-20,0.0013539
2012-02-21,0.0013387
2012-02-22,0.0013126
2012-02-23,0.0012659
2012-02-24,0.0012206
2012-02-25,0.0011745
2012-02-26,0.0011328
2012-02-27,0.0011093
2012-02-28,0.0010968
2012-02-29,0.0010607
2012-03-01,0.0044408
2012-03-02,0.0040975
2012-03-03,0.0038019
2012-03-04,0.0035496
2012-03-05,0.0033825
2012-03-06,0.0031725
2012-03-07,0.0029069
2012-03-08,0.0026745
2012-03-09,0.0024939
2012-03-10,0.0023864
2012-03-11,0.002296
2012-03-12,0.0021736
2012-03-13,0.0019904
2012-03-14,0.0018008
2012-03-15,0.0016458
2012-03-16,0.001529
2012-03-17,0.0013694
2012-03-18,0.0013019
2012-03-19,0.0012642
2012-03-20,0.0012461
2012-03-21,0.0012087
2012-03-22,0.0011748
2012-03-23,0.0011518
2012-03-24,0.0011205
2012-03-25,0.0010991
2012-03-26,0.0010858
2012-03-27,0.0010389
2012-03-28,0.0009639
2012-03-29,0.00093774
2012-03-30,0.00091771
2012-03-31,0.00087864
2012-04-01,0.003217
2012-04-02,0.0030368
2012-04-03,0.0029204
2012-04-04,0.0027659
2012-04-05,0.002598
2012-04-06,0.0024892
2012-04-07,0.0024109
2012-04-08,0.0023237
2012-04-09,0.0022383
2012-04-10,0.0021428
2012-04-11,0.0020408
2012-04-12,0.0019105
2012-04-13,0.0017182
2012-04-14,0.0016136
2012-04-15,0.0015343
2012-04-16,0.0015056
2012-04-17,0.0014795
2012-04-18,0.0014435
2012-04-19,0.0014043
2012-04-20,0.0013632
2012-04-21,0.0013266
2012-04-22,0.0013117
2012-04-23,0.0012991
2012-04-24,0.0012689
2012-04-25,0.0012331
2012-04-26,0.0011789
2012-04-27,0.00114
2012-04-28,0.0011089
2012-04-29,0.0010798
2012-04-30,0.0010537
2012-05-01,0.003325
2012-05-02,0.0031012
2012-05-03,0.0029055
2012-05-04,0.0027111
2012-05-05,0.0025209
2012-05-06,0.0023463
2012-05-07,0.0021997
2012-05-08,0.0020933
2012-05-09,0.0020031
2012-05-10,0.0019029
2012-05-11,0.0018153
2012-05-12,0.0017579
2012-05-13,0.0017241
2012-05-14,0.0016652
2012-05-15,0.0015633
2012-05-16,0.0014674
2012-05-17,0.0013921
2012-05-18,0.0013202
2012-05-19,0.0012669
2012-05-20,0.001228
2012-05-21,0.0011813
2012-05-22,0.001131
2012-05-23,0.0010737
2012-05-24,0.0010134
2012-05-25,0.00095913
2012-05-26,0.00091327
2012-05-27,0.00088259
2012-05-28,0.00085753
2012-05-29,0.00083164
2012-05-30,0.00080697
2012-05-31,0.00078675
2012-06-01,0.0030564
2012-06-02,0.0028091
2012-06-03,0.0025884
2012-06-04,0.0024013
2012-06-05,0.0022231
2012-06-06,0.0020678
2012-06-07,0.0019372
2012-06-08,0.0018026
2012-06-09,0.0016551
2012-06-10,0.001535
2012-06-11,0.0014578
2012-06-12,0.0013878
2012-06-13,0.0013028
2012-06-14,0.0012255
2012-06-15,0.0011575
2012-06-16,0.0010984
2012-06-17,0.0010547
2012-06-18,0.0010105
2012-06-19,0.00096175
2012-06-20,0.00092759
2012-06-21,0.00089526
2012-06-22,0.00085622
2012-06-23,0.00081825
2012-06-24,0.00078888
2012-06-25,0.00076511
2012-06-26,0.00074172
2012-06-27,0.00072045
2012-06-28,0.00069768
2012-06-29,0.00067498
2012-06-30,0.00065323
2012-07-01,0.0031903
2012-07-02,0.0028928
2012-07-03,0.0026204
2012-07-04,0.0024002
2012-07-05,0.0022189
2012-07-06,0.0020554
2012-07-07,0.001911
2012-07-08,0.001769
2012-07-09,0.0016308
2012-07-10,0.0015262
2012-07-11,0.0014462
2012-07-12,0.001367
2012-07-13,0.0012891
2012-07-14,0.0012115
2012-07-15,0.0011429
2012-07-16,0.0010745
2012-07-17,0.0010108
2012-07-18,0.00096663
2012-07-19,0.00093432
2012-07-20,0.00090115
2012-07-21,0.00086263
2012-07-22,0.00082704
2012-07-23,0.00079969
2012-07-24,0.00077072
2012-07-25,0.00073366
2012-07-26,0.00069816
2012-07-27,0.00066626
2012-07-28,0.0006331
2012-07-29,0.00060251
2012-07-30,0.00058087
2012-07-31,0.00056442
2012-08-01,0.010247
2012-08-02,0.0092586
2012-08-03,0.0084784
2012-08-04,0.0077873
2012-08-05,0.0070606
2012-08-06,0.006389
2012-08-07,0.0057757
2012-08-08,0.005186
2012-08-09,0.0046958
2012-08-10,0.0042732
2012-08-11,0.0039357
2012-08-12,0.0036475
2012-08-13,0.0033665
2012-08-14,0.0031198
2012-08-15,0.0028742
2012-08-16,0.0026368
2012-08-17,0.0024171
2012-08-18,0.0022042
2012-08-19,0.0020085
2012-08-20,0.0018475
2012-08-21,0.0017106
2012-08-22,0.0015964
2012-08-23,0.001495
2012-08-24,0.001404
2012-08-25,0.0013307
2012-08-26,0.0012567
2012-08-27,0.001205
2012-08-28,0.001174
2012-08-29,0.0011414
2012-08-30,0.0011184
2012-08-31,0.0010846
2012-09-01,0.0099013
2012-09-02,0.008921
2012-09-03,0.0082111
2012-09-04,0.0075914
2012-09-05,0.0069751
2012-09-06,0.0064577
2012-09-07,0.006014
2012-09-08,0.0055292
2012-09-09,0.0050044
2012-09-10,0.0045605
2012-09-11,0.0042504
2012-09-12,0.0040482
2012-09-13,0.003856
2012-09-14,0.0036774
2012-09-15,0.0035022
2012-09-16,0.0033248
2012-09-17,0.0031753
2012-09-18,0.0030118
2012-09-19,0.0028301
2012-09-20,0.0026667
2012-09-21,0.0025357
2012-09-22,0.0024205
2012-09-23,0.0023088
2012-09-24,0.0022144
2012-09-25,0.0021426
2012-09-26,0.0020908
2012-09-27,0.0020732
2012-09-28,0.0020257
2012-09-29,0.001945
2012-09-30,0.0018684
2012-10-01,0.011489
2012-10-02,0.010602
2012-10-03,0.0099099
2012-10-04,0.0090286
2012-10-05,0.0081344
2012-10-06,0.0074764
2012-10-07,0.0069515
2012-10-08,0.0063712
2012-10-09,0.0057831
2012-10-10,0.005291
2012-10-11,0.0048163
2012-10-12,0.0043454
2012-10-13,0.003967
2012-10-14,0.0037052
2012-10-15,0.0034768
2012-10-16,0.0032382
2012-10-17,0.0029812
2012-10-18,0.0027513
2012-10-19,0.0025844
2012-10-20,0.0024297
2012-10-21,0.0022754
2012-10-22,0.0020893
2012-10-23,0.001895
2012-10-24,0.0018131
2012-10-25,0.0017609
2012-10-26,0.0017043
2012-10-27,0.0016491
2012-10-28,0.001605
2012-10-29,0.0015971
2012-10-30,0.0016191
2012-10-31,0.0015948
2012-11-01,0.009366
2012-11-02,0.0086494
2012-11-03,0.0080849
2012-11-04,0.0073908
2012-11-05,0.0066415
2012-11-06,0.0060183
2012-11-07,0.0055916
2012-11-08,0.0051423
2012-11-09,0.0046691
2012-11-10,0.0043261
2012-11-11,0.0040297
2012-11-12,0.0037743
2012-11-13,0.0035585
2012-11-14,0.0033548
2012-11-15,0.0031512
2012-11-16,0.0029284
2012-11-17,0.0026807
2012-11-18,0.0023973
2012-11-19,0.0022319
2012-11-20,0.0020638
2012-11-21,0.0019223
2012-11-22,0.0018473
2012-11-23,0.001796
2012-11-24,0.0017495
2012-11-25,0.001749
2012-11-26,0.001736
2012-11-27,0.0016738
2012-11-28,0.001566
2012-11-29,0.001391
2012-11-30,0.0012116
2012-12-01,0.0023835
2012-12-02,0.0021092
2012-12-03,0.0018598
2012-12-04,0.0017941
2012-12-05,0.0016986
2012-12-06,0.0016454
2012-12-07,0.0016226
2012-12-08,0.0016046
2012-12-09,0.0015717
2012-12-10,0.0015247
2012-12-11,0.0014961
2012-12-12,0.001469
2012-12-13,0.0014459
2012-12-14,0.0014421
2012-12-15,0.0014288
2012-12-16,0.0013842
2012-12-17,0.0013303
2012-12-18,0.0012883
2012-12-19,0.0012668
2012-12-20,0.0012169
2012-12-21,0.0011449
2012-12-22,0.0010903
2012-12-23,0.0010142
2012-12-24,0.0009823
2012-12-25,0.00098269
2012-12-26,0.00093367
2012-12-27,0.00093931
2012-12-28,0.00094511
2012-12-29,0.00094004
2012-12-30,0.00095055
2012-12-31,0.00096111
2013-01-01,0.0021156
2013-01-02,0.001989
2013-01-03,0.0018758
2013-01-04,0.0017806
2013-01-05,0.001696
2013-01-06,0.00164
2013-01-07,0.0016194
2013-01-08,0.0015902
2013-01-09,0.0015542
2013-01-10,0.0015117
2013-01-11,0.0014678
2013-01-12,0.0014351
2013-01-13,0.0013991
2013-01-14,0.0013594
2013-01-15,0.001327
2013-01-16,0.001327
2013-01-17,0.0013516
2013-01-18,0.0013274
2013-01-19,0.0012626
2013-01-20,0.0012468
2013-01-21,0.0012721
2013-01-22,0.0012962
2013-01-23,0.0013191
2013-01-24,0.0013406
2013-01-25,0.0013583
2013-01-26,0.0013642
2013-01-27,0.001339
2013-01-28,0.0013081
2013-01-29,0.0012797
2013-01-30,0.0012469
2013-01-31,0.0012165
2013-02-01,0.001186
2013-02-02,0.0011536
2013-02-03,0.0011326
2013-02-04,0.0011188
2013-02-05,0.001113
2013-02-06,0.0011179
2013-02-07,0.0011123
2013-02-08,0.0010937
2013-02-09,0.0010637
2013-02-10,0.0010361
2013-02-11,0.0010176
2013-02-12,0.0010001
2013-02-13,0.00097926
2013-02-14,0.00094956
2013-02-15,0.00091373
2013-02-16,0.00088945
2013-02-17,0.00087828
2013-02-18,0.00087607
2013-02-19,0.00086918
2013-02-20,0.00084182
2013-02-21,0.00082339
2013-02-22,0.00082463
2013-02-23,0.00082032
2013-02-24,0.00080583
2013-02-25,0.00080007
2013-02-26,0.00079547
2013-02-27,0.00078715
2013-02-28,0.00078957
2013-03-01,0.00079091
2013-03-02,0.00078266
2013-03-03,0.00077852
2013-03-04,0.00078235
2013-03-05,0.00077955
2013-03-06,0.00075151
2013-03-07,0.00073393
2013-03-08,0.000731
2013-03-09,0.00072101
2013-03-10,0.00070834
2013-03-11,0.00069686
2013-03-12,0.00068821
2013-03-13,0.0006842
2013-03-14,0.00068537
2013-03-15,0.0006851
2013-03-16,0.00067833
2013-03-17,0.00066702
2013-03-18,0.00066341
2013-03-19,0.00066505
2013-03-20,0.00065084
2013-03-21,0.00063113
2013-03-22,0.00061579
2013-03-23,0.00060544
2013-03-24,0.00060924
2013-03-25,0.00061362
2013-03-26,0.00060988
2013-03-27,0.00060995
2013-03-28,0.00061292
2013-03-29,0.00061229
2013-03-30,0.00061719
2013-03-31,0.00061095
2013-04-01,0.00060569
2013-04-02,0.00060328
2013-04-03,0.00060568
2013-04-04,0.00060251
2013-04-05,0.00058574
2013-04-06,0.00057245
2013-04-07,0.00055487
2013-04-08,0.00052474
2013-04-09,0.00050008
2013-04-10,0.00049203
2013-04-11,0.00048434
2013-04-12,0.00047514
2013-04-13,0.000467
2013-04-14,0.00045603
2013-04-15,0.00044311
2013-04-16,0.00042647
2013-04-17,0.00041258
2013-04-18,0.00040873
2013-04-19,0.00040855
2013-04-20,0.00040447
2013-04-21,0.00040029
2013-04-22,0.00039612
2013-04-23,0.00039019
2013-04-24,0.00038549
2013-04-25,0.00038464
2013-04-26,0.00038396
2013-04-27,0.00038131
2013-04-28,0.00037721
2013-04-29,0.00036961
2013-04-30,0.00035982
2013-05-01,0.000346
2013-05-02,0.0003339
2013-05-03,0.00033404
2013-05-04,0.00033648
2013-05-05,0.00033391
2013-05-06,0.00033246
2013-05-07,0.00032829
2013-05-08,0.0003217
2013-05-09,0.0003166
2013-05-10,0.00031224
2013-05-11,0.00031072
2013-05-12,0.00030982
2013-05-13,0.00030732
2013-05-14,0.00030465
2013-05-15,0.00029899
2013-05-16,0.00029158
2013-05-17,0.00028507
2013-05-18,0.00027862
2013-05-19,0.00027064
2013-05-20,0.00026704
2013-05-21,0.00026385
2013-05-22,0.00025441
2013-05-23,0.0002465
2013-05-24,0.000243
2013-05-25,0.00024034
2013-05-26,0.000236
2013-05-27,0.00023303
2013-05-28,0.00023115
2013-05-29,0.00022859
2013-05-30,0.00022501
2013-05-31,0.00022168
2013-06-01,0.00021985
2013-06-02,0.00021831
2013-06-03,0.00022009
2013-06-04,0.00022248
2013-06-05,0.00022221
2013-06-06,0.00022078
2013-06-07,0.00021777
2013-06-08,0.00021745
2013-06-09,0.00021743
2013-06-10,0.00021148
2013-06-11,0.00020654
2013-06-12,0.00020365
2013-06-13,0.00019748
2013-06-14,0.00019249
2013-06-15,0.00019106
2013-06-16,0.00018783
2013-06-17,0.00018269
2013-06-18,0.00017777
2013-06-19,0.00017269
2013-06-20,0.00016868
2013-06-21,0.00016504
2013-06-22,0.00016213
2013-06-23,0.00016037
2013-06-24,0.00015947
2013-06-25,0.00015703
2013-06-26,0.00015661
2013-06-27,0.00015805
2013-06-28,0.00015617
2013-06-29,0.00015204
2013-06-30,0.00014889
2013-07-01,0.00014695
2013-07-02,0.00014603
2013-07-03,0.00014533
2013-07-04,0.00014314
2013-07-05,0.00014046
2013-07-06,0.00013876
2013-07-07,0.0001385
2013-07-08,0.00013858
2013-07-09,0.00013821
2013-07-10,0.00013805
2013-07-11,0.00013706
2013-07-12,0.00013502
2013-07-13,0.00013375
2013-07-14,0.00013331
2013-07-15,0.00013196
2013-07-16,0.00012899
2013-07-17,0.00012645
2013-07-18,0.0001248
2013-07-19,0.00012283
2013-07-20,0.0001208
2013-07-21,0.00011857
2013-07-22,0.00011568
2013-07-23,0.00011241
2013-07-24,0.00010937
2013-07-25,0.00010737
2013-07-26,0.00010554
2013-07-27,0.00010334
2013-07-28,0.00010114
2013-07-29,9.9221e-05
2013-07-30,9.8503e-05
2013-07-31,9.7755e-05
2013-08-01,9.5651e-05
2013-08-02,9.4181e-05
2013-08-03,9.3949e-05
2013-08-04,9.2983e-05
2013-08-05,9.1089e-05
2013-08-06,8.9373e-05
2013-08-07,8.725e-05
2013-08-08,8.4731e-05
2013-08-09,8.2583e-05
2013-08-10,8.1034e-05
2013-08-11,8.0039e-05
2013-08-12,7.9096e-05
2013-08-13,7.8506e-05
2013-08-14,7.7725e-05
2013-08-15,7.7149e-05
2013-08-16,7.7428e-05
2013-08-17,7.7242e-05
2013-08-18,7.6893e-05
2013-08-19,7.7379e-05
2013-08-20,7.7779e-05
2013-08-21,7.7485e-05
2013-08-22,7.6864e-05
2013-08-23,7.5774e-05
2013-08-24,7.4196e-05
2013-08-25,7.2925e-05
2013-08-26,7.2565e-05
2013-08-27,7.2924e-05
2013-08-28,7.3534e-05
2013-08-29,7.4099e-05
2013-08-30,7.4136e-05
2013-08-31,7.374e-05
2013-09-01,7.3443e-05
2013-09-02,7.2862e-05
2013-09-03,7.1929e-05
2013-09-04,7.1355e-05
2013-09-05,7.0297e-05
2013-09-06,6.8969e-05
2013-09-07,6.9659e-05
2013-09-08,7.09e-05
2013-09-09,7.1418e-05
2013-09-10,7.2405e-05
2013-09-11,7.1803e-05
2013-09-12,6.9336e-05
2013-09-13,6.6675e-05
2013-09-14,6.4891e-05
2013-09-15,6.424e-05
2013-09-16,6.403e-05
2013-09-17,6.2456e-05
2013-09-18,6.024e-05
2013-09-19,5.9692e-05
2013-09-20,6.0037e-05
2013-09-21,5.9352e-05
2013-09-22,5.7333e-05
2013-09-23,5.771e-05
2013-09-24,5.7999e-05
2013-09-25,5.5669e-05
2013-09-26,5.2596e-05
2013-09-27,5.1345e-05
2013-09-28,5.251e-05
2013-09-29,5.2388e-05
2013-09-30,5.0569e-05
2013-10-01,4.9575e-05
2013-10-02,4.8768e-05
2013-10-03,4.7057e-05
2013-10-04,4.4591e-05
2013-10-05,4.3018e-05
2013-10-06,4.3447e-05
2013-10-07,4.4126e-05
2013-10-08,4.3996e-05
2013-10-09,4.3281e-05
2013-10-10,4.3241e-05
2013-10-11,4.4237e-05
2013-10-12,4.4804e-05
2013-10-13,4.4676e-05
2013-10-14,4.4217e-05
2013-10-15,4.3253e-05
2013-10-16,4.2692e-05
2013-10-17,4.3115e-05
2013-10-18,4.331e-05
2013-10-19,4.3813e-05
2013-10-20,4.4391e-05
2013-10-21,4.4117e-05
2013-10-22,4.4185e-05
2013-10-23,4.5039e-05
2013-10-24,4.6101e-05
2013-10-25,4.7163e-05
2013-10-26,4.7608e-05
2013-10-27,4.7295e-05
2013-10-28,4.5547e-05
2013-10-29,4.3904e-05
2013-10-30,4.4374e-05
2013-10-31,4.435e-05
2013-11-01,4.291e-05
2013-11-02,4.2334e-05
2013-11-03,4.1534e-05
2013-11-04,3.9637e-05
2013-11-05,3.8615e-05
2013-11-06,3.8453e-05
2013-11-07,3.9177e-05
2013-11-08,4.0257e-05
2013-11-09,4.0567e-05
2013-11-10,4.0161e-05
2013-11-11,3.97e-05
2013-11-12,3.9964e-05
2013-11-13,3.9805e-05
2013-11-14,3.9154e-05
2013-11-15,3.8338e-05
2013-11-16,3.7333e-05
2013-11-17,3.749e-05
2013-11-18,3.8377e-05
2013-11-19,3.7901e-05
2013-11-20,3.6213e-05
2013-11-21,3.4536e-05
2013-11-22,3.0669e-05
2013-11-23,2.7258e-05
2013-11-24,2.6879e-05
2013-11-25,2.7376e-05
2013-11-26,2.7374e-05
2013-11-27,2.6871e-05
2013-11-28,2.666e-05
2013-11-29,2.7285e-05
2013-11-30,2.8116e-05
2013-12-01,0.0013997
2013-12-02,0.0012518
2013-12-03,0.0011046
2013-12-04,0.00097054
2013-12-05,0.00086499
2013-12-06,0.00077045
2013-12-07,0.00067734
2013-12-08,0.00060346
2013-12-09,0.00053368
2013-12-10,0.00046692
2013-12-11,0.00040991
2013-12-12,0.00036188
2013-12-13,0.00032942
2013-12-14,0.00029872
2013-12-15,0.00026566
2013-12-16,0.00023554
2013-12-17,0.00020962
2013-12-18,0.00019302
2013-12-19,0.00017886
2013-12-20,0.0001662
2013-12-21,0.0001596
2013-12-22,0.0001531
2013-12-23,0.00014446
2013-12-24,0.00013598
2013-12-25,0.00012651
2013-12-26,0.00011678
2013-12-27,0.00010888
2013-12-28,0.00010372
2013-12-29,9.8027e-05
2013-12-30,9.2277e-05
2013-12-31,8.9854e-05
2014-01-01,8.7899e-05
2014-01-02,8.5276e-05
2014-01-03,8.3903e-05
2014-01-04,8.2633e-05
2014-01-05,7.8687e-05
2014-01-06,7.4896e-05
2014-01-07,7.4829e-05
2014-01-08,7.6134e-05
2014-01-09,7.6607e-05
2014-01-10,7.7745e-05
2014-01-11,7.815e-05
2014-01-12,7.7202e-05
2014-01-13,7.5604e-05
2014-01-14,7.2668e-05
2014-01-15,6.9183e-05
2014-01-16,6.5277e-05
2014-01-17,6.2163e-05
2014-01-18,6.0581e-05
2014-01-19,5.9457e-05
2014-01-20,5.8481e-05
2014-01-21,5.7606e-05
2014-01-22,5.7337e-05
2014-01-23,5.5401e-05
2014-01-24,5.1909e-05
2014-01-25,5.0455e-05
2014-01-26,5.0632e-05
2014-01-27,5.1982e-05
2014-01-28,5.4891e-05
2014-01-29,5.6708e-05
2014-01-30,5.6642e-05
2014-01-31,5.6072e-05
2014-02-01,5.5627e-05
2014-02-02,5.4673e-05
2014-02-03,5.4588e-05
2014-02-04,5.6502e-05
2014-02-05,5.7992e-05
2014-02-06,5.7177e-05
2014-02-07,5.4468e-05
2014-02-08,4.9901e-05
2014-02-09,3.7187e-05
2014-02-10,3.4736e-05
2014-02-11,3.641e-05
2014-02-12,3.7843e-05
2014-02-13,3.8781e-05
2014-02-14,3.9478e-05
2014-02-15,3.9491e-05
2014-02-16,3.9885e-05
2014-02-17,4.1244e-05
2014-02-18,4.2657e-05
2014-02-19,4.3257e-05
2014-02-20,4.3473e-05
2014-02-21,4.3621e-05
2014-02-22,4.3706e-05
2014-02-23,4.4198e-05
2014-02-24,4.4669e-05
2014-02-25,4.491e-05
2014-02-26,4.4617e-05
2014-02-27,4.2627e-05
2014-02-28,4.07e-05
2014-03-01,3.5705e-05
2014-03-02,3.5358e-05
2014-03-03,3.509e-05
2014-03-04,3.4897e-05
2014-03-05,3.5063e-05
2014-03-06,3.4552e-05
2014-03-07,3.4555e-05
2014-03-08,3.4815e-05
2014-03-09,3.5048e-05
2014-03-10,3.5054e-05
2014-03-11,3.4377e-05
2014-03-12,3.3126e-05
2014-03-13,3.2404e-05
2014-03-14,3.2698e-05
2014-03-15,3.2929e-05
2014-03-16,3.3199e-05
2014-03-17,3.3081e-05
2014-03-18,3.2358e-05
2014-03-19,3.203e-05
2014-03-20,3.2219e-05
2014-03-21,3.2463e-05
2014-03-22,3.2788e-05
2014-03-23,3.3367e-05
2014-03-24,3.3594e-05
2014-03-25,3.3305e-05
2014-03-26,3.2635e-05
2014-03-27,3.1619e-05
2014-03-28,3.0899e-05
2014-03-29,3.0123e-05
2014-03-30,2.8348e-05
2014-03-31,2.7936e-05
2014-04-01,2.726e-05
2014-04-02,2.7024e-05
2014-04-03,2.7646e-05
2014-04-04,2.8133e-05
2014-04-05,2.8134e-05
2014-04-06,2.8011e-05
2014-04-07,2.7997e-05
2014-04-08,2.8398e-05
2014-04-09,2.8937e-05
2014-04-10,2.9167e-05
2014-04-11,2.9283e-05
2014-04-12,2.8981e-05
2014-04-13,2.8823e-05
2014-04-14,2.8897e-05
2014-04-15,2.8527e-05
2014-04-16,2.7823e-05
2014-04-17,2.7269e-05
2014-04-18,2.7013e-05
2014-04-19,2.6674e-05
2014-04-20,2.6227e-05
2014-04-21,2.6151e-05
2014-04-22,2.5926e-05
2014-04-23,2.5519e-05
2014-04-24,2.5206e-05
2014-04-25,2.4694e-05
2014-04-26,2.3801e-05
2014-04-27,2.3208e-05
2014-04-28,2.286e-05
2014-04-29,2.2556e-05
2014-04-30,2.1954e-05
2014-05-01,2.1605e-05
2014-05-02,2.1634e-05
2014-05-03,2.1501e-05
2014-05-04,2.1143e-05
2014-05-05,2.066e-05
2014-05-06,1.9951e-05
2014-05-07,1.9338e-05
2014-05-08,1.9014e-05
2014-05-09,1.8659e-05
2014-05-10,1.8158e-05
2014-05-11,1.7714e-05
2014-05-12,1.7566e-05
2014-05-13,1.7593e-05
2014-05-14,1.7836e-05
2014-05-15,1.8085e-05
2014-05-16,1.8026e-05
2014-05-17,1.7743e-05
2014-05-18,1.7244e-05
2014-05-19,1.6849e-05
2014-05-20,1.6509e-05
2014-05-21,1.614e-05
2014-05-22,1.6173e-05
2014-05-23,1.6204e-05
2014-05-24,1.5876e-05
2014-05-25,1.5524e-05
2014-05-26,1.5194e-05
2014-05-27,1.4897e-05
2014-05-28,1.4517e-05
2014-05-29,1.4192e-05
2014-05-30,1.4103e-05
2014-05-31,1.4017e-05
2014-06-01,1.4014e-05
2014-06-02,1.3953e-05
2014-06-03,1.376e-05
2014-06-04,1.3624e-05
2014-06-05,1.3578e-05
2014-06-06,1.3493e-05
2014-06-07,1.3283e-05
2014-06-08,1.3086e-05
2014-06-09,1.3072e-05
2014-06-10,1.3081e-05
2014-06-11,1.2948e-05
2014-06-12,1.2724e-05
2014-06-13,1.2349e-05
2014-06-14,1.2038e-05
2014-06-15,1.1752e-05
2014-06-16,1.1384e-05
2014-06-17,1.1047e-05
2014-06-18,1.091e-05
2014-06-19,1.0887e-05
2014-06-20,1.0741e-05
2014-06-21,1.0528e-05
2014-06-22,1.0341e-05
2014-06-23,1.0121e-05
2014-06-24,9.7976e-06
2014-06-25,9.5065e-06
2014-06-26,9.314e-06
2014-06-27,9.2126e-06
2014-06-28,9.1182e-06
2014-06-29,8.9969e-06
2014-06-30,9.0267e-06
2014-07-01,9.0884e-06
2014-07-02,8.9381e-06
2014-07-03,8.7213e-06
2014-07-04,8.6188e-06
2014-07-05,8.6242e-06
2014-07-06,8.5904e-06
2014-07-07,8.4933e-06
2014-07-08,8.4363e-06
2014-07-09,8.3653e-06
2014-07-10,8.2649e-06
2014-07-11,8.1825e-06
2014-07-12,8.0843e-06
2014-07-13,7.8974e-06
2014-07-14,7.6945e-06
2014-07-15,7.5551e-06
2014-07-16,7.3799e-06
2014-07-17,7.1407e-06
2014-07-18,6.9258e-06
2014-07-19,6.7956e-06
2014-07-20,6.67e-06
2014-07-21,6.5898e-06
2014-07-22,6.6063e-06
2014-07-23,6.603e-06
2014-07-24,6.5258e-06
2014-07-25,6.466e-06
2014-07-26,6.4875e-06
2014-07-27,6.4736e-06
2014-07-28,6.3846e-06
2014-07-29,6.2589e-06
2014-07-30,6.1653e-06
2014-07-31,6.1022e-06
2014-08-01,6.0758e-06
2014-08-02,6.0492e-06
2014-08-03,5.9668e-06
2014-08-04,5.8756e-06
2014-08-05,5.8024e-06
2014-08-06,5.7354e-06
2014-08-07,5.6516e-06
2014-08-08,5.5646e-06
2014-08-09,5.4784e-06
2014-08-10,5.4324e-06
2014-08-11,5.455e-06
2014-08-12,5.4571e-06
2014-08-13,5.3757e-06
2014-08-14,5.304e-06
2014-08-15,5.289e-06
2014-08-16,5.2916e-06
2014-08-17,5.2605e-06
2014-08-18,5.1854e-06
2014-08-19,5.0406e-06
2014-08-20,4.8532e-06
2014-08-21,4.7397e-06
2014-08-22,4.6659e-06
2014-08-23,4.6674e-06
2014-08-24,4.7315e-06
2014-08-25,4.6969e-06
2014-08-26,4.6293e-06
2014-08-27,4.6314e-06
2014-08-28,4.6056e-06
2014-08-29,4.4847e-06
2014-08-30,4.335e-06
2014-08-31,4.2288e-06
2014-09-01,4.179e-06
2014-09-02,4.1747e-06
2014-09-03,4.1954e-06
2014-09-04,4.2305e-06
2014-09-05,4.3664e-06
2014-09-06,4.5128e-06
2014-09-07,4.5448e-06
2014-09-08,4.5138e-06
2014-09-09,4.4154e-06
2014-09-10,4.3469e-06
2014-09-11,4.4399e-06
2014-09-12,4.5707e-06
2014-09-13,4.5735e-06
2014-09-14,4.5787e-06
2014-09-15,4.6577e-06
2014-09-16,4.6777e-06
2014-09-17,4.5959e-06
2014-09-18,4.4503e-06
2014-09-19,4.3255e-06
2014-09-20,4.2675e-06
2014-09-21,4.1652e-06
2014-09-22,4.0532e-06
2014-09-23,4.0036e-06
2014-09-24,3.963e-06
2014-09-25,3.8873e-06
2014-09-26,3.7552e-06
2014-09-27,3.5951e-06
2014-09-28,3.4488e-06
2014-09-29,3.3988e-06
2014-09-30,3.3318e-06
2014-10-01,3.2061e-06
2014-10-02,3.1202e-06
2014-10-03,3.1043e-06
2014-10-04,3.1088e-06
2014-10-05,3.1156e-06
2014-10-06,3.1634e-06
2014-10-07,3.1981e-06
2014-10-08,3.1325e-06
2014-10-09,3.0555e-06
2014-10-10,3.009e-06
2014-10-11,2.9597e-06
2014-10-12,2.8771e-06
2014-10-13,2.7957e-06
2014-10-14,2.7009e-06
2014-10-15,2.6146e-06
2014-10-16,2.6365e-06
2014-10-17,2.6815e-06
2014-10-18,2.7546e-06
2014-10-19,2.8601e-06
2014-10-20,2.8642e-06
2014-10-21,2.8459e-06
2014-10-22,2.9056e-06
2014-10-23,2.9336e-06
2014-10-24,2.8641e-06
2014-10-25,2.6955e-06
2014-10-26,2.5454e-06
2014-10-27,2.495e-06
2014-10-28,2.4762e-06
2014-10-29,2.4925e-06
2014-10-30,2.5336e-06
2014-10-31,2.5287e-06
2014-11-01,2.4244e-06
2014-11-02,2.3835e-06
2014-11-03,2.3496e-06
2014-11-04,2.3372e-06
2014-11-05,2.3163e-06
2014-11-06,2.3047e-06
2014-11-07,2.3418e-06
2014-11-08,2.3456e-06
2014-11-09,2.3697e-06
2014-11-10,2.4416e-06
2014-11-11,2.4645e-06
2014-11-12,2.4698e-06
2014-11-13,2.4379e-06
2014-11-14,2.3825e-06
2014-11-15,2.3407e-06
2014-11-16,2.2673e-06
2014-11-17,2.1834e-06
2014-11-18,2.092e-06
2014-11-19,2.0037e-06
2014-11-20,1.9563e-06
2014-11-21,1.9718e-06
2014-11-22,1.9551e-06
2014-11-23,1.9283e-06
2014-11-24,1.9507e-06
2014-11-25,1.9595e-06
2014-11-26,1.9616e-06
2014-11-27,1.96e-06
2014-11-28,1.9413e-06
2014-11-29,1.8747e-06
2014-11-30,1.811e-06
2014-12-01,1.7629e-06
2014-12-02,1.7026e-06
2014-12-03,1.543e-06
2014-12-04,1.2397e-06
2014-12-05,1.2513e-06
2014-12-06,1.2549e-06
2014-12-07,1.2695e-06
2014-12-08,1.2873e-06
2014-12-09,1.301e-06
2014-12-10,1.3003e-06
2014-12-11,1.2122e-06
2014-12-12,9.4556e-07
2014-12-13,9.9497e-07
2014-12-14,1.0337e-06
2014-12-15,1.0382e-06
2014-12-16,1.0234e-06
2014-12-17,1.027e-06
2014-12-18,1.0404e-06
2014-12-19,1.0446e-06
2014-12-20,1.0352e-06
2014-12-21,1.0357e-06
2014-12-22,1.0623e-06
2014-12-23,1.084e-06
2014-12-24,1.0969e-06
2014-12-25,1.0953e-06
2014-12-26,1.0869e-06
2014-12-27,1.0843e-06
2014-12-28,1.0964e-06
2014-12-29,1.1178e-06
2014-12-30,1.1131e-06
2014-12-31,1.0907e-06
