"date","h2_pgc022"
2008-01-01,0
2008-01-02,0
2008-01-03,0
2008-01-04,0
2008-01-05,0
2008-01-06,0
2008-01-07,0
2008-01-08,0
2008-01-09,0
2008-01-10,0
2008-01-11,0
2008-01-12,0
2008-01-13,0
2008-01-14,0
2008-01-15,0
2008-01-16,0
2008-01-17,0
2008-01-18,0
2008-01-19,0
2008-01-20,0
2008-01-21,0
2008-01-22,0
2008-01-23,0
2008-01-24,0
2008-01-25,0
2008-01-26,0
2008-01-27,0
2008-01-28,0
2008-01-29,0
2008-01-30,0
2008-01-31,0
2008-02-01,0
2008-02-02,0
2008-02-03,0
2008-02-04,0
2008-02-05,0
2008-02-06,0
2008-02-07,0
2008-02-08,0
2008-02-09,0
2008-02-10,0
2008-02-11,0
2008-02-12,0
2008-02-13,0
2008-02-14,0
2008-02-15,0
2008-02-16,0
2008-02-17,0
2008-02-18,0
2008-02-19,0
2008-02-20,0
2008-02-21,0
2008-02-22,0
2008-02-23,0
2008-02-24,0
2008-02-25,0
2008-02-26,0
2008-02-27,0
2008-02-28,0
2008-02-29,0
2008-03-01,0
2008-03-02,0
2008-03-03,0
2008-03-04,0
2008-03-05,0
2008-03-06,0
2008-03-07,0
2008-03-08,0
2008-03-09,0
2008-03-10,0
2008-03-11,0
2008-03-12,0
2008-03-13,0
2008-03-14,0
2008-03-15,0
2008-03-16,0
2008-03-17,0
2008-03-18,0
2008-03-19,0
2008-03-20,0
2008-03-21,0
2008-03-22,0
2008-03-23,0
2008-03-24,0
2008-03-25,0
2008-03-26,0
2008-03-27,0
2008-03-28,0
2008-03-29,0
2008-03-30,0
2008-03-31,0
2008-04-01,0
2008-04-02,0
2008-04-03,0
2008-04-04,0
2008-04-05,0
2008-04-06,0
2008-04-07,0
2008-04-08,0
2008-04-09,0
2008-04-10,0
2008-04-11,0
2008-04-12,0
2008-04-13,0
2008-04-14,0
2008-04-15,0
2008-04-16,0
2008-04-17,0
2008-04-18,0
2008-04-19,0
2008-04-20,0
2008-04-21,0
2008-04-22,0
2008-04-23,0
2008-04-24,0
2008-04-25,0
2008-04-26,0
2008-04-27,0
2008-04-28,0
2008-04-29,0
2008-04-30,0
2008-05-01,0
2008-05-02,0
2008-05-03,0
2008-05-04,0
2008-05-05,0
2008-05-06,0
2008-05-07,0
2008-05-08,0
2008-05-09,0
2008-05-10,0
2008-05-11,0
2008-05-12,0
2008-05-13,0
2008-05-14,0
2008-05-15,0
2008-05-16,0
2008-05-17,0
2008-05-18,0
2008-05-19,0
2008-05-20,0
2008-05-21,0
2008-05-22,0
2008-05-23,0
2008-05-24,0
2008-05-25,0
2008-05-26,0
2008-05-27,0
2008-05-28,0
2008-05-29,0
2008-05-30,0
2008-05-31,0
2008-06-01,0
2008-06-02,0
2008-06-03,0
2008-06-04,0
2008-06-05,0
2008-06-06,0
2008-06-07,0
2008-06-08,0
2008-06-09,0
2008-06-10,0
2008-06-11,0
2008-06-12,0
2008-06-13,0
2008-06-14,0
2008-06-15,0
2008-06-16,0
2008-06-17,0
2008-06-18,0
2008-06-19,0
2008-06-20,0
2008-06-21,0
2008-06-22,0
2008-06-23,0
2008-06-24,0
2008-06-25,0
2008-06-26,0
2008-06-27,0
2008-06-28,0
2008-06-29,0
2008-06-30,0
2008-07-01,0
2008-07-02,0
2008-07-03,0
2008-07-04,0
2008-07-05,0
2008-07-06,0
2008-07-07,0
2008-07-08,0
2008-07-09,0
2008-07-10,0
2008-07-11,0
2008-07-12,0
2008-07-13,0
2008-07-14,0
2008-07-15,0
2008-07-16,0
2008-07-17,0
2008-07-18,0
2008-07-19,0
2008-07-20,0
2008-07-21,0
2008-07-22,0
2008-07-23,0
2008-07-24,0
2008-07-25,0
2008-07-26,0
2008-07-27,0
2008-07-28,0
2008-07-29,0
2008-07-30,0
2008-07-31,0
2008-08-01,0
2008-08-02,0
2008-08-03,0
2008-08-04,0
2008-08-05,0
2008-08-06,0
2008-08-07,0
2008-08-08,0
2008-08-09,0
2008-08-10,0
2008-08-11,0
2008-08-12,0
2008-08-13,0
2008-08-14,0
2008-08-15,0
2008-08-16,0
2008-08-17,0
2008-08-18,0
2008-08-19,0
2008-08-20,0
2008-08-21,0
2008-08-22,0
2008-08-23,0
2008-08-24,0
2008-08-25,0
2008-08-26,0
2008-08-27,0
2008-08-28,0
2008-08-29,0
2008-08-30,0
2008-08-31,0
2008-09-01,0
2008-09-02,0
2008-09-03,0
2008-09-04,0
2008-09-05,0
2008-09-06,0
2008-09-07,0
2008-09-08,0
2008-09-09,0
2008-09-10,0
2008-09-11,0
2008-09-12,0
2008-09-13,0
2008-09-14,0
2008-09-15,0
2008-09-16,0
2008-09-17,0
2008-09-18,0
2008-09-19,0
2008-09-20,0
2008-09-21,0
2008-09-22,0
2008-09-23,0
2008-09-24,0
2008-09-25,0
2008-09-26,0
2008-09-27,0
2008-09-28,0
2008-09-29,0
2008-09-30,0
2008-10-01,0
2008-10-02,0
2008-10-03,0
2008-10-04,0
2008-10-05,0
2008-10-06,0
2008-10-07,0
2008-10-08,0
2008-10-09,0
2008-10-10,0
2008-10-11,0
2008-10-12,0
2008-10-13,0
2008-10-14,0
2008-10-15,0
2008-10-16,0
2008-10-17,0
2008-10-18,0
2008-10-19,0
2008-10-20,0
2008-10-21,0
2008-10-22,0
2008-10-23,0
2008-10-24,0
2008-10-25,0
2008-10-26,0
2008-10-27,0
2008-10-28,0
2008-10-29,0
2008-10-30,0
2008-10-31,0
2008-11-01,0
2008-11-02,0
2008-11-03,0
2008-11-04,0
2008-11-05,0
2008-11-06,0
2008-11-07,0
2008-11-08,0
2008-11-09,0
2008-11-10,0
2008-11-11,0
2008-11-12,0
2008-11-13,0
2008-11-14,0
2008-11-15,0
2008-11-16,0
2008-11-17,0
2008-11-18,0
2008-11-19,0
2008-11-20,0
2008-11-21,0
2008-11-22,0
2008-11-23,0
2008-11-24,0
2008-11-25,0
2008-11-26,0
2008-11-27,0
2008-11-28,0
2008-11-29,0
2008-11-30,0
2008-12-01,0
2008-12-02,0
2008-12-03,0
2008-12-04,0
2008-12-05,0
2008-12-06,0
2008-12-07,0
2008-12-08,0
2008-12-09,0
2008-12-10,0
2008-12-11,0
2008-12-12,0
2008-12-13,0
2008-12-14,0
2008-12-15,0
2008-12-16,0
2008-12-17,0
2008-12-18,0
2008-12-19,0
2008-12-20,0
2008-12-21,0
2008-12-22,0
2008-12-23,0
2008-12-24,0
2008-12-25,0
2008-12-26,0
2008-12-27,0
2008-12-28,0
2008-12-29,0
2008-12-30,0
2008-12-31,0
2009-01-01,0.00011676
2009-01-02,2.1983e-05
2009-01-03,5.691e-06
2009-01-04,2.9119e-06
2009-01-05,2.4382e-06
2009-01-06,2.3708e-06
2009-01-07,2.3643e-06
2009-01-08,2.365e-06
2009-01-09,2.3485e-06
2009-01-10,2.3345e-06
2009-01-11,2.334e-06
2009-01-12,2.324e-06
2009-01-13,2.318e-06
2009-01-14,2.316e-06
2009-01-15,2.3165e-06
2009-01-16,2.3122e-06
2009-01-17,2.31e-06
2009-01-18,2.3053e-06
2009-01-19,2.2969e-06
2009-01-20,2.3011e-06
2009-01-21,2.3109e-06
2009-01-22,2.3146e-06
2009-01-23,2.3201e-06
2009-01-24,2.3175e-06
2009-01-25,2.3064e-06
2009-01-26,2.307e-06
2009-01-27,2.3186e-06
2009-01-28,2.3229e-06
2009-01-29,2.3044e-06
2009-01-30,2.2873e-06
2009-01-31,2.2922e-06
2009-02-01,0.00014091
2009-02-02,2.7881e-05
2009-02-03,8.8451e-06
2009-02-04,5.6697e-06
2009-02-05,5.1448e-06
2009-02-06,5.0579e-06
2009-02-07,5.0397e-06
2009-02-08,5.0655e-06
2009-02-09,5.0495e-06
2009-02-10,5.0649e-06
2009-02-11,5.0385e-06
2009-02-12,5.0408e-06
2009-02-13,5.0219e-06
2009-02-14,4.9778e-06
2009-02-15,4.8646e-06
2009-02-16,4.8673e-06
2009-02-17,4.9216e-06
2009-02-18,0.00031944
2009-02-19,6.3146e-05
2009-02-20,2.3965e-05
2009-02-21,1.7359e-05
2009-02-22,1.6164e-05
2009-02-23,0.0043176
2009-02-24,0.00028114
2009-02-25,0.00023307
2009-02-26,0.00022441
2009-02-27,0.00022487
2009-02-28,0.00022352
2009-03-01,0.00040332
2009-03-02,0.00025091
2009-03-03,0.00022439
2009-03-04,0.00022266
2009-03-05,0.00022525
2009-03-06,0.00022577
2009-03-07,0.00022665
2009-03-08,0.00022632
2009-03-09,0.00022487
2009-03-10,0.00022541
2009-03-11,0.0002262
2009-03-12,0.00022568
2009-03-13,0.00022531
2009-03-14,0.00022519
2009-03-15,0.00022337
2009-03-16,0.00022176
2009-03-17,0.000224
2009-03-18,0.00022546
2009-03-19,0.0002246
2009-03-20,0.00022407
2009-03-21,0.00022379
2009-03-22,0.00022223
2009-03-23,0.00022194
2009-03-24,0.00022269
2009-03-25,0.00022313
2009-03-26,0.00022253
2009-03-27,0.00022255
2009-03-28,0.00022274
2009-03-29,0.00022052
2009-03-30,0.00022003
2009-03-31,0.00022154
2009-04-01,0.000467
2009-04-02,0.00026457
2009-04-03,0.00022949
2009-04-04,0.00022502
2009-04-05,0.00022517
2009-04-06,0.00022537
2009-04-07,0.00022616
2009-04-08,0.00022433
2009-04-09,0.00022396
2009-04-10,0.00022369
2009-04-11,0.00022328
2009-04-12,0.00022443
2009-04-13,0.00022381
2009-04-14,0.00021932
2009-04-15,0.00021799
2009-04-16,0.00022049
2009-04-17,0.00022271
2009-04-18,0.0002233
2009-04-19,0.00022284
2009-04-20,0.0002231
2009-04-21,0.0002236
2009-04-22,0.00022329
2009-04-23,0.0002222
2009-04-24,0.00022115
2009-04-25,0.00022032
2009-04-26,0.00022048
2009-04-27,0.0002207
2009-04-28,0.00021999
2009-04-29,0.00022038
2009-04-30,0.00022106
2009-05-01,0.00041255
2009-05-02,0.00025133
2009-05-03,0.00022541
2009-05-04,0.00022181
2009-05-05,0.00022024
2009-05-06,0.00022123
2009-05-07,0.00022161
2009-05-08,0.00022151
2009-05-09,0.0002214
2009-05-10,0.00022147
2009-05-11,0.0002209
2009-05-12,0.00021983
2009-05-13,0.00021975
2009-05-14,0.00022022
2009-05-15,0.00022005
2009-05-16,0.00022034
2009-05-17,0.00022274
2009-05-18,0.00022192
2009-05-19,0.00021979
2009-05-20,0.00022007
2009-05-21,0.00022063
2009-05-22,0.00021951
2009-05-23,0.00021801
2009-05-24,0.00021726
2009-05-25,0.00021702
2009-05-26,0.00021685
2009-05-27,0.00021793
2009-05-28,0.00021806
2009-05-29,0.00021702
2009-05-30,0.00021611
2009-05-31,0.00021579
2009-06-01,0.00043062
2009-06-02,0.00025122
2009-06-03,0.00022568
2009-06-04,0.00022063
2009-06-05,0.00021838
2009-06-06,0.00021817
2009-06-07,0.000218
2009-06-08,0.00021766
2009-06-09,0.00021682
2009-06-10,0.00021623
2009-06-11,0.00021588
2009-06-12,0.00021605
2009-06-13,0.00021538
2009-06-14,0.00021553
2009-06-15,0.00021569
2009-06-16,0.00021517
2009-06-17,0.00021421
2009-06-18,0.00021383
2009-06-19,0.00021303
2009-06-20,0.00021216
2009-06-21,0.00021165
2009-06-22,0.00021235
2009-06-23,0.00021387
2009-06-24,0.00021372
2009-06-25,0.00021245
2009-06-26,0.00021241
2009-06-27,0.00021298
2009-06-28,0.00021338
2009-06-29,0.0002123
2009-06-30,0.00021154
2009-07-01,0.00048568
2009-07-02,0.00025343
2009-07-03,0.0002206
2009-07-04,0.00021561
2009-07-05,0.00021446
2009-07-06,0.00021409
2009-07-07,0.00021376
2009-07-08,0.00021295
2009-07-09,0.00021252
2009-07-10,0.00021253
2009-07-11,0.00021275
2009-07-12,0.0002122
2009-07-13,0.0002116
2009-07-14,0.00021197
2009-07-15,0.00021288
2009-07-16,0.00021251
2009-07-17,0.00021206
2009-07-18,0.00021149
2009-07-19,0.00021098
2009-07-20,0.00021012
2009-07-21,0.00020919
2009-07-22,0.00020859
2009-07-23,0.0002085
2009-07-24,0.00020824
2009-07-25,0.00020767
2009-07-26,0.00020749
2009-07-27,0.00020779
2009-07-28,0.00020751
2009-07-29,0.00020633
2009-07-30,0.00020568
2009-07-31,0.00020493
2009-08-01,0.00044436
2009-08-02,0.00023511
2009-08-03,0.00021094
2009-08-04,0.00020816
2009-08-05,0.00020774
2009-08-06,0.00020674
2009-08-07,0.00020731
2009-08-08,0.00020742
2009-08-09,0.00020718
2009-08-10,0.00020737
2009-08-11,0.00020593
2009-08-12,0.00020461
2009-08-13,0.00020391
2009-08-14,0.00020356
2009-08-15,0.00020408
2009-08-16,0.00020526
2009-08-17,0.0002061
2009-08-18,0.00020684
2009-08-19,0.00020642
2009-08-20,0.00020403
2009-08-21,0.00020276
2009-08-22,0.00020268
2009-08-23,0.0002019
2009-08-24,0.00020212
2009-08-25,0.00020243
2009-08-26,0.0002034
2009-08-27,0.00020256
2009-08-28,0.00020113
2009-08-29,0.00020032
2009-08-30,0.0001999
2009-08-31,0.00019982
2009-09-01,0.00047924
2009-09-02,0.00023503
2009-09-03,0.00020796
2009-09-04,0.00020383
2009-09-05,0.00020311
2009-09-06,0.00020244
2009-09-07,0.00020182
2009-09-08,0.0002029
2009-09-09,0.00020306
2009-09-10,0.00020342
2009-09-11,0.00020345
2009-09-12,0.00020212
2009-09-13,0.00020066
2009-09-14,0.00019949
2009-09-15,0.00020005
2009-09-16,0.0001999
2009-09-17,0.0001995
2009-09-18,0.00020148
2009-09-19,0.00020044
2009-09-20,0.00019992
2009-09-21,0.00019916
2009-09-22,0.00019846
2009-09-23,0.00019949
2009-09-24,0.00020097
2009-09-25,0.00020088
2009-09-26,0.00019966
2009-09-27,0.00020055
2009-09-28,0.00019837
2009-09-29,0.00019557
2009-09-30,0.0001946
2009-10-01,0.00035903
2009-10-02,0.00021318
2009-10-03,0.00019829
2009-10-04,0.00019588
2009-10-05,0.00019796
2009-10-06,0.00019726
2009-10-07,0.00019804
2009-10-08,0.0001983
2009-10-09,0.00019891
2009-10-10,0.0001986
2009-10-11,0.00019704
2009-10-12,0.00019574
2009-10-13,0.00018759
2009-10-14,0.02573
2009-10-15,0.0015386
2009-10-16,0.0015164
2009-10-17,0.0015169
2009-10-18,0.0015159
2009-10-19,0.0015099
2009-10-20,0.0015151
2009-10-21,0.00152
2009-10-22,0.0015156
2009-10-23,0.0015089
2009-10-24,0.0015061
2009-10-25,0.0015043
2009-10-26,0.0015089
2009-10-27,0.0014774
2009-10-28,0.0014634
2009-10-29,0.0014854
2009-10-30,0.0015028
2009-10-31,0.0015059
2009-11-01,0.001663
2009-11-02,0.0015269
2009-11-03,0.0015014
2009-11-04,0.0014892
2009-11-05,0.001478
2009-11-06,0.0014809
2009-11-07,0.0014855
2009-11-08,0.0014853
2009-11-09,0.0014863
2009-11-10,0.0014919
2009-11-11,0.0014948
2009-11-12,0.0014832
2009-11-13,0.001481
2009-11-14,0.0014824
2009-11-15,0.0014736
2009-11-16,0.00147
2009-11-17,0.0014704
2009-11-18,0.0014661
2009-11-19,0.0014655
2009-11-20,0.0014561
2009-11-21,0.0014636
2009-11-22,0.0014742
2009-11-23,0.0014694
2009-11-24,0.0014594
2009-11-25,0.0014523
2009-11-26,0.001455
2009-11-27,0.0014583
2009-11-28,0.0014261
2009-11-29,0.00142
2009-11-30,0.0014339
2009-12-01,0.0015218
2009-12-02,0.0014627
2009-12-03,0.0014534
2009-12-04,0.001453
2009-12-05,0.0014563
2009-12-06,0.0014551
2009-12-07,0.001459
2009-12-08,0.0014592
2009-12-09,0.0014535
2009-12-10,0.001444
2009-12-11,0.0014374
2009-12-12,0.010992
2009-12-13,0.0026168
2009-12-14,0.0019364
2009-12-15,0.001815
2009-12-16,0.0017902
2009-12-17,0.0017939
2009-12-18,0.0017958
2009-12-19,0.0017886
2009-12-20,0.0017857
2009-12-21,0.0017867
2009-12-22,0.0017804
2009-12-23,0.0017851
2009-12-24,0.001782
2009-12-25,0.0017751
2009-12-26,0.0017719
2009-12-27,0.0017754
2009-12-28,0.0017766
2009-12-29,0.001782
2009-12-30,0.0017866
2009-12-31,0.0017768
2010-01-01,0.0018678
2010-01-02,0.0017985
2010-01-03,0.0017806
2010-01-04,0.0017711
2010-01-05,0.0017701
2010-01-06,0.0017687
2010-01-07,0.0017687
2010-01-08,0.0017658
2010-01-09,0.0017632
2010-01-10,0.0017621
2010-01-11,0.0017566
2010-01-12,0.0017347
2010-01-13,0.0025641
2010-01-14,0.0019003
2010-01-15,0.0018034
2010-01-16,0.0017802
2010-01-17,0.0017716
2010-01-18,0.0017457
2010-01-19,0.0017152
2010-01-20,0.018555
2010-01-21,0.011968
2010-01-22,0.0035781
2010-01-23,0.0029516
2010-01-24,0.0028374
2010-01-25,0.0027927
2010-01-26,0.002795
2010-01-27,0.0028183
2010-01-28,0.0028153
2010-01-29,0.0028035
2010-01-30,0.0028114
2010-01-31,0.0028266
2010-02-01,0.0029124
2010-02-02,0.0028222
2010-02-03,0.0028126
2010-02-04,0.0027943
2010-02-05,0.0027764
2010-02-06,0.0027894
2010-02-07,0.002795
2010-02-08,0.0028021
2010-02-09,0.002803
2010-02-10,0.0028174
2010-02-11,0.0028035
2010-02-12,0.0027825
2010-02-13,0.0027914
2010-02-14,0.0028022
2010-02-15,0.0028037
2010-02-16,0.0027965
2010-02-17,0.0027853
2010-02-18,0.0027985
2010-02-19,0.0028041
2010-02-20,0.0027911
2010-02-21,0.0027794
2010-02-22,0.0027712
2010-02-23,0.002752
2010-02-24,0.002744
2010-02-25,0.0027613
2010-02-26,0.0027208
2010-02-27,0.0027328
2010-02-28,0.0027736
2010-03-01,0.0028999
2010-03-02,0.0027699
2010-03-03,0.0027362
2010-03-04,0.0027331
2010-03-05,0.0027465
2010-03-06,0.0027477
2010-03-07,0.0027561
2010-03-08,0.0027455
2010-03-09,0.0027291
2010-03-10,0.0027285
2010-03-11,0.0027434
2010-03-12,0.0027323
2010-03-13,0.0027224
2010-03-14,0.0027208
2010-03-15,0.0027131
2010-03-16,0.0027262
2010-03-17,0.0027295
2010-03-18,0.0027131
2010-03-19,0.0027069
2010-03-20,0.0027138
2010-03-21,0.0027375
2010-03-22,0.0027295
2010-03-23,0.0027178
2010-03-24,0.0027132
2010-03-25,0.002701
2010-03-26,0.002707
2010-03-27,0.0027034
2010-03-28,0.0026996
2010-03-29,0.0026832
2010-03-30,0.0026624
2010-03-31,0.0026727
2010-04-01,0.0028306
2010-04-02,0.00272
2010-04-03,0.0026998
2010-04-04,0.0026852
2010-04-05,0.002668
2010-04-06,0.0026981
2010-04-07,0.0026936
2010-04-08,0.00268
2010-04-09,0.0026671
2010-04-10,0.0026692
2010-04-11,0.0026473
2010-04-12,0.002631
2010-04-13,0.0026544
2010-04-14,0.0026777
2010-04-15,0.0026882
2010-04-16,0.0026867
2010-04-17,0.0026873
2010-04-18,0.0026814
2010-04-19,0.0026769
2010-04-20,0.0026605
2010-04-21,0.0026281
2010-04-22,0.0026266
2010-04-23,0.002648
2010-04-24,0.0026569
2010-04-25,0.0026621
2010-04-26,0.0026708
2010-04-27,0.0026265
2010-04-28,0.0026034
2010-04-29,0.0026147
2010-04-30,0.0026164
2010-05-01,0.0028429
2010-05-02,0.0026654
2010-05-03,0.0026422
2010-05-04,0.0026312
2010-05-05,0.0026118
2010-05-06,0.0026091
2010-05-07,0.0026328
2010-05-08,0.0026277
2010-05-09,0.0026099
2010-05-10,0.002599
2010-05-11,0.00259
2010-05-12,0.0025969
2010-05-13,0.0026115
2010-05-14,0.0026279
2010-05-15,0.0026315
2010-05-16,0.0026235
2010-05-17,0.0026068
2010-05-18,0.0026006
2010-05-19,0.0026019
2010-05-20,0.0025885
2010-05-21,0.0025724
2010-05-22,0.0025676
2010-05-23,0.0025614
2010-05-24,0.0025698
2010-05-25,0.0025787
2010-05-26,0.0025689
2010-05-27,0.0025698
2010-05-28,0.0025638
2010-05-29,0.0025669
2010-05-30,0.0025699
2010-05-31,0.0025657
2010-06-01,0.0027373
2010-06-02,0.002594
2010-06-03,0.0025768
2010-06-04,0.0025583
2010-06-05,0.0025647
2010-06-06,0.0025654
2010-06-07,0.002545
2010-06-08,0.0025371
2010-06-09,0.002531
2010-06-10,0.0025148
2010-06-11,0.0024944
2010-06-12,0.0024976
2010-06-13,0.0025256
2010-06-14,0.0025322
2010-06-15,0.0025162
2010-06-16,0.0024983
2010-06-17,0.0025025
2010-06-18,0.0025068
2010-06-19,0.0024976
2010-06-20,0.0024904
2010-06-21,0.0024902
2010-06-22,0.0025055
2010-06-23,0.0025014
2010-06-24,0.0024904
2010-06-25,0.0024808
2010-06-26,0.0024757
2010-06-27,0.0024802
2010-06-28,0.002479
2010-06-29,0.0024648
2010-06-30,0.002455
2010-07-01,0.0025839
2010-07-02,0.0024659
2010-07-03,0.0024433
2010-07-04,0.0024492
2010-07-05,0.0024562
2010-07-06,0.0024537
2010-07-07,0.002452
2010-07-08,0.0024417
2010-07-09,0.0024347
2010-07-10,0.0024365
2010-07-11,0.0024339
2010-07-12,0.0024213
2010-07-13,0.0024141
2010-07-14,0.0024289
2010-07-15,0.0024371
2010-07-16,0.002419
2010-07-17,0.0024064
2010-07-18,0.0024022
2010-07-19,0.0024002
2010-07-20,0.0023998
2010-07-21,0.0023909
2010-07-22,0.0023974
2010-07-23,0.0023898
2010-07-24,0.0023827
2010-07-25,0.0023719
2010-07-26,0.0023597
2010-07-27,0.0023592
2010-07-28,0.0023557
2010-07-29,0.0023504
2010-07-30,0.0023443
2010-07-31,0.0023421
2010-08-01,0.0024561
2010-08-02,0.0023587
2010-08-03,0.0023457
2010-08-04,0.0023395
2010-08-05,0.0023312
2010-08-06,0.0023233
2010-08-07,0.0023158
2010-08-08,0.0023091
2010-08-09,0.002311
2010-08-10,0.0023107
2010-08-11,0.0023064
2010-08-12,0.0023193
2010-08-13,0.0023185
2010-08-14,0.0023049
2010-08-15,0.0022886
2010-08-16,0.0022918
2010-08-17,0.0022966
2010-08-18,0.0022953
2010-08-19,0.002288
2010-08-20,0.0022802
2010-08-21,0.0022761
2010-08-22,0.002271
2010-08-23,0.0022631
2010-08-24,0.0022685
2010-08-25,0.0022901
2010-08-26,0.0022755
2010-08-27,0.0022542
2010-08-28,0.0022429
2010-08-29,0.00224
2010-08-30,0.0022388
2010-08-31,0.0022383
2010-09-01,0.0024745
2010-09-02,0.0022867
2010-09-03,0.0022622
2010-09-04,0.0022485
2010-09-05,0.0022275
2010-09-06,0.0022219
2010-09-07,0.0022249
2010-09-08,0.002216
2010-09-09,0.0022163
2010-09-10,0.0022264
2010-09-11,0.0022481
2010-09-12,0.0022374
2010-09-13,0.002216
2010-09-14,0.0022096
2010-09-15,0.0022068
2010-09-16,0.0022065
2010-09-17,0.0022103
2010-09-18,0.0022103
2010-09-19,0.0022045
2010-09-20,0.0021996
2010-09-21,0.0021928
2010-09-22,0.002179
2010-09-23,0.0021841
2010-09-24,0.0021899
2010-09-25,0.0021907
2010-09-26,0.0021806
2010-09-27,0.0021747
2010-09-28,0.0021838
2010-09-29,0.0021949
2010-09-30,0.0022019
2010-10-01,0.0023426
2010-10-02,0.0022019
2010-10-03,0.0021776
2010-10-04,0.002158
2010-10-05,0.0021368
2010-10-06,0.0021699
2010-10-07,0.0021604
2010-10-08,0.0021673
2010-10-09,0.0021598
2010-10-10,0.0021417
2010-10-11,0.0021227
2010-10-12,0.0021217
2010-10-13,0.002132
2010-10-14,0.0021558
2010-10-15,0.0021623
2010-10-16,0.0021493
2010-10-17,0.0021405
2010-10-18,0.0021284
2010-10-19,0.0021257
2010-10-20,0.0021317
2010-10-21,0.0021224
2010-10-22,0.0021196
2010-10-23,0.0021008
2010-10-24,0.0020432
2010-10-25,0.037355
2010-10-26,0.0031058
2010-10-27,0.0045195
2010-10-28,0.0047247
2010-10-29,0.0047728
2010-10-30,0.0048023
2010-10-31,0.0048
2010-11-01,0.0048879
2010-11-02,0.0048073
2010-11-03,0.0047856
2010-11-04,0.0048039
2010-11-05,0.0047993
2010-11-06,0.0047789
2010-11-07,0.0047422
2010-11-08,0.0047237
2010-11-09,0.0047723
2010-11-10,0.0047744
2010-11-11,0.0047549
2010-11-12,0.0047622
2010-11-13,0.0047399
2010-11-14,0.0047254
2010-11-15,0.0047081
2010-11-16,0.0047118
2010-11-17,0.0047295
2010-11-18,0.0047279
2010-11-19,0.0047312
2010-11-20,0.0046869
2010-11-21,0.008147
2010-11-22,0.0050964
2010-11-23,0.0048263
2010-11-24,0.0048085
2010-11-25,0.0048055
2010-11-26,0.0047855
2010-11-27,0.0047828
2010-11-28,0.0047896
2010-11-29,0.0047894
2010-11-30,0.0047767
2010-12-01,0.0050943
2010-12-02,0.0048342
2010-12-03,0.0048019
2010-12-04,0.0047792
2010-12-05,0.0047528
2010-12-06,0.0047238
2010-12-07,0.0047383
2010-12-08,0.0047452
2010-12-09,0.0047499
2010-12-10,0.0047545
2010-12-11,0.0047775
2010-12-12,0.0047735
2010-12-13,0.0047682
2010-12-14,0.0047462
2010-12-15,0.0047571
2010-12-16,0.0047524
2010-12-17,0.0047243
2010-12-18,0.0060427
2010-12-19,0.0089851
2010-12-20,0.015377
2010-12-21,0.0058981
2010-12-22,0.0053885
2010-12-23,0.0053272
2010-12-24,0.0052784
2010-12-25,0.005194
2010-12-26,0.0053168
2010-12-27,0.0052789
2010-12-28,0.0052719
2010-12-29,0.0052116
2010-12-30,0.0052236
2010-12-31,0.0052608
2011-01-01,0.0055847
2011-01-02,0.0052648
2011-01-03,0.0052369
2011-01-04,0.0052472
2011-01-05,0.0052371
2011-01-06,0.0052188
2011-01-07,0.00522
2011-01-08,0.0052585
2011-01-09,0.0052619
2011-01-10,0.0052368
2011-01-11,0.0052077
2011-01-12,0.0051965
2011-01-13,0.0052097
2011-01-14,0.0052355
2011-01-15,0.0052294
2011-01-16,0.005263
2011-01-17,0.0052876
2011-01-18,0.0052423
2011-01-19,0.0052111
2011-01-20,0.0051851
2011-01-21,0.0051734
2011-01-22,0.0051673
2011-01-23,0.0051554
2011-01-24,0.0051804
2011-01-25,0.0051956
2011-01-26,0.0051559
2011-01-27,0.0051346
2011-01-28,0.0051611
2011-01-29,0.0051874
2011-01-30,0.0051797
2011-01-31,0.005176
2011-02-01,0.0055133
2011-02-02,0.0052102
2011-02-03,0.0051644
2011-02-04,0.0051522
2011-02-05,0.0051495
2011-02-06,0.0051501
2011-02-07,0.0051516
2011-02-08,0.0051242
2011-02-09,0.0051077
2011-02-10,0.0051056
2011-02-11,0.0051
2011-02-12,0.0050974
2011-02-13,0.0051162
2011-02-14,0.0050693
2011-02-15,0.0049714
2011-02-16,0.0049539
2011-02-17,0.0049932
2011-02-18,0.0050475
2011-02-19,0.010645
2011-02-20,0.0059333
2011-02-21,0.005428
2011-02-22,0.0053342
2011-02-23,0.005316
2011-02-24,0.0052792
2011-02-25,0.0052302
2011-02-26,0.0057615
2011-02-27,0.0053793
2011-02-28,0.0052994
2011-03-01,0.0055946
2011-03-02,0.00529
2011-03-03,0.0052548
2011-03-04,0.0052736
2011-03-05,0.0053013
2011-03-06,0.0052901
2011-03-07,0.0052401
2011-03-08,0.0052402
2011-03-09,0.0052562
2011-03-10,0.0052518
2011-03-11,0.0052657
2011-03-12,0.005281
2011-03-13,0.0052447
2011-03-14,0.0052097
2011-03-15,0.0051971
2011-03-16,0.063212
2011-03-17,0.0063826
2011-03-18,0.0094552
2011-03-19,0.0099006
2011-03-20,0.0099696
2011-03-21,0.010041
2011-03-22,0.010087
2011-03-23,0.0099587
2011-03-24,0.0098321
2011-03-25,0.049316
2011-03-26,0.0098914
2011-03-27,0.011641
2011-03-28,0.01204
2011-03-29,0.01214
2011-03-30,0.012106
2011-03-31,0.012032
2011-04-01,0.012369
2011-04-02,0.012059
2011-04-03,0.011981
2011-04-04,0.01199
2011-04-05,0.011996
2011-04-06,0.011977
2011-04-07,0.011914
2011-04-08,0.011901
2011-04-09,0.01195
2011-04-10,0.01204
2011-04-11,0.012026
2011-04-12,0.011983
2011-04-13,0.011924
2011-04-14,0.011968
2011-04-15,0.011988
2011-04-16,0.011984
2011-04-17,0.011948
2011-04-18,0.011887
2011-04-19,0.011909
2011-04-20,0.011901
2011-04-21,0.011865
2011-04-22,0.011922
2011-04-23,0.011957
2011-04-24,0.011888
2011-04-25,0.011803
2011-04-26,0.011782
2011-04-27,0.011839
2011-04-28,0.011823
2011-04-29,0.011718
2011-04-30,0.01168
2011-05-01,0.012098
2011-05-02,0.011928
2011-05-03,0.011845
2011-05-04,0.011738
2011-05-05,0.011772
2011-05-06,0.011788
2011-05-07,0.011759
2011-05-08,0.011699
2011-05-09,0.011633
2011-05-10,0.011638
2011-05-11,0.011682
2011-05-12,0.011706
2011-05-13,0.011735
2011-05-14,0.01167
2011-05-15,0.011583
2011-05-16,0.011574
2011-05-17,0.011559
2011-05-18,0.011558
2011-05-19,0.011565
2011-05-20,0.011589
2011-05-21,0.011574
2011-05-22,0.01151
2011-05-23,0.011442
2011-05-24,0.011477
2011-05-25,0.011483
2011-05-26,0.011491
2011-05-27,0.011485
2011-05-28,0.01143
2011-05-29,0.01136
2011-05-30,0.011392
2011-05-31,0.011413
2011-06-01,0.01186
2011-06-02,0.011505
2011-06-03,0.011481
2011-06-04,0.011389
2011-06-05,0.011431
2011-06-06,0.011389
2011-06-07,0.01136
2011-06-08,0.011354
2011-06-09,0.011369
2011-06-10,0.011333
2011-06-11,0.011287
2011-06-12,0.011279
2011-06-13,0.011282
2011-06-14,0.011267
2011-06-15,0.011235
2011-06-16,0.011209
2011-06-17,0.011226
2011-06-18,0.011203
2011-06-19,0.01116
2011-06-20,0.011205
2011-06-21,0.011264
2011-06-22,0.011212
2011-06-23,0.011155
2011-06-24,0.011136
2011-06-25,0.011116
2011-06-26,0.011092
2011-06-27,0.011079
2011-06-28,0.011058
2011-06-29,0.010996
2011-06-30,0.011021
2011-07-01,0.011147
2011-07-02,0.011051
2011-07-03,0.011015
2011-07-04,0.011013
2011-07-05,0.011033
2011-07-06,0.010993
2011-07-07,0.010927
2011-07-08,0.010933
2011-07-09,0.010914
2011-07-10,0.010869
2011-07-11,0.010833
2011-07-12,0.010801
2011-07-13,0.010766
2011-07-14,0.010759
2011-07-15,0.010731
2011-07-16,0.010707
2011-07-17,0.010734
2011-07-18,0.010794
2011-07-19,0.010759
2011-07-20,0.010711
2011-07-21,0.010675
2011-07-22,0.010637
2011-07-23,0.010662
2011-07-24,0.010663
2011-07-25,0.010638
2011-07-26,0.010616
2011-07-27,0.010617
2011-07-28,0.010629
2011-07-29,0.0106
2011-07-30,0.010521
2011-07-31,0.010517
2011-08-01,0.010936
2011-08-02,0.010589
2011-08-03,0.010511
2011-08-04,0.010434
2011-08-05,0.010414
2011-08-06,0.010388
2011-08-07,0.010371
2011-08-08,0.010385
2011-08-09,0.010377
2011-08-10,0.010366
2011-08-11,0.010339
2011-08-12,0.010336
2011-08-13,0.010347
2011-08-14,0.010316
2011-08-15,0.010323
2011-08-16,0.010333
2011-08-17,0.01029
2011-08-18,0.010259
2011-08-19,0.010213
2011-08-20,0.01019
2011-08-21,0.010187
2011-08-22,0.010199
2011-08-23,0.010228
2011-08-24,0.010203
2011-08-25,0.010197
2011-08-26,0.01022
2011-08-27,0.01021
2011-08-28,0.010168
2011-08-29,0.010099
2011-08-30,0.010073
2011-08-31,0.010044
2011-09-01,0.011178
2011-09-02,0.010252
2011-09-03,0.010217
2011-09-04,0.010177
2011-09-05,0.010066
2011-09-06,0.010076
2011-09-07,0.010101
2011-09-08,0.010066
2011-09-09,0.010003
2011-09-10,0.010034
2011-09-11,0.0099749
2011-09-12,0.0099213
2011-09-13,0.009939
2011-09-14,0.0099066
2011-09-15,0.0098465
2011-09-16,0.0098404
2011-09-17,0.0098287
2011-09-18,0.0098404
2011-09-19,0.0098594
2011-09-20,0.0098447
2011-09-21,0.0098248
2011-09-22,0.0098196
2011-09-23,0.0098438
2011-09-24,0.0098114
2011-09-25,0.0097268
2011-09-26,0.0097144
2011-09-27,0.0097095
2011-09-28,0.009759
2011-09-29,0.0097946
2011-09-30,0.0097435
2011-10-01,0.0099857
2011-10-02,0.0096432
2011-10-03,0.0096051
2011-10-04,0.0095873
2011-10-05,0.0094739
2011-10-06,0.0096046
2011-10-07,0.0096257
2011-10-08,0.0096184
2011-10-09,0.00962
2011-10-10,0.0095653
2011-10-11,0.011641
2011-10-12,0.0098782
2011-10-13,0.0096998
2011-10-14,0.0096824
2011-10-15,0.0096747
2011-10-16,0.0096492
2011-10-17,0.0096019
2011-10-18,0.009594
2011-10-19,0.009563
2011-10-20,0.0095598
2011-10-21,0.0095446
2011-10-22,0.0094783
2011-10-23,0.0094911
2011-10-24,0.0095062
2011-10-25,0.0094674
2011-10-26,0.0094207
2011-10-27,0.0093984
2011-10-28,0.0094344
2011-10-29,0.0094555
2011-10-30,0.0094228
2011-10-31,0.0094007
2011-11-01,0.010633
2011-11-02,0.009432
2011-11-03,0.0093321
2011-11-04,0.0093567
2011-11-05,0.0093989
2011-11-06,0.0093758
2011-11-07,0.0094039
2011-11-08,0.0093821
2011-11-09,0.0093074
2011-11-10,0.009242
2011-11-11,0.0092189
2011-11-12,0.0093475
2011-11-13,0.0094046
2011-11-14,0.0093651
2011-11-15,0.0093542
2011-11-16,0.0093696
2011-11-17,0.0093202
2011-11-18,0.0092199
2011-11-19,0.0092145
2011-11-20,0.0091846
2011-11-21,0.0091905
2011-11-22,0.0091574
2011-11-23,0.0090676
2011-11-24,0.0091406
2011-11-25,0.0092319
2011-11-26,0.0092152
2011-11-27,0.0091909
2011-11-28,0.0092582
2011-11-29,0.0092594
2011-11-30,0.0091362
2011-12-01,0.0092071
2011-12-02,0.0090095
2011-12-03,0.0090696
2011-12-04,0.0091019
2011-12-05,0.0090984
2011-12-06,0.0090948
2011-12-07,0.0090975
2011-12-08,0.0090865
2011-12-09,0.0090481
2011-12-10,0.0090549
2011-12-11,0.0091625
2011-12-12,0.0091468
2011-12-13,0.0091172
2011-12-14,0.0091406
2011-12-15,0.0091755
2011-12-16,0.0090574
2011-12-17,0.0089733
2011-12-18,0.0090057
2011-12-19,0.0089792
2011-12-20,0.008963
2011-12-21,0.008977
2011-12-22,0.0089504
2011-12-23,0.0089434
2011-12-24,0.0089268
2011-12-25,0.0089431
2011-12-26,0.0090193
2011-12-27,0.0090542
2011-12-28,0.009056
2011-12-29,0.0090408
2011-12-30,0.0089936
2011-12-31,0.0089669
2012-01-01,0.0093124
2012-01-02,0.0089494
2012-01-03,0.008996
2012-01-04,0.0089919
2012-01-05,0.0089784
2012-01-06,0.0089735
2012-01-07,0.008937
2012-01-08,0.0088849
2012-01-09,0.0088667
2012-01-10,0.0088983
2012-01-11,0.0088597
2012-01-12,0.0088165
2012-01-13,0.0088075
2012-01-14,0.0088539
2012-01-15,0.0089205
2012-01-16,0.0089322
2012-01-17,0.0089232
2012-01-18,0.0088456
2012-01-19,0.0087244
2012-01-20,0.0086612
2012-01-21,0.097077
2012-01-22,0.0099775
2012-01-23,0.013969
2012-01-24,0.014723
2012-01-25,0.014915
2012-01-26,0.014995
2012-01-27,0.014885
2012-01-28,0.014739
2012-01-29,0.014712
2012-01-30,0.014895
2012-01-31,0.014976
2012-02-01,0.015192
2012-02-02,0.014874
2012-02-03,0.014716
2012-02-04,0.014658
2012-02-05,0.014662
2012-02-06,0.014622
2012-02-07,0.014472
2012-02-08,0.0146
2012-02-09,0.014683
2012-02-10,0.014694
2012-02-11,0.014702
2012-02-12,0.014728
2012-02-13,0.014637
2012-02-14,0.014652
2012-02-15,0.01462
2012-02-16,0.014572
2012-02-17,0.014595
2012-02-18,0.014608
2012-02-19,0.014673
2012-02-20,0.014682
2012-02-21,0.014721
2012-02-22,0.01465
2012-02-23,0.01456
2012-02-24,0.014534
2012-02-25,0.014494
2012-02-26,0.014487
2012-02-27,0.014536
2012-02-28,0.014573
2012-02-29,0.014442
2012-03-01,0.014508
2012-03-02,0.014451
2012-03-03,0.014419
2012-03-04,0.014454
2012-03-05,0.014544
2012-03-06,0.014429
2012-03-07,0.014313
2012-03-08,0.014295
2012-03-09,0.014342
2012-03-10,0.014463
2012-03-11,0.014459
2012-03-12,0.014365
2012-03-13,0.014116
2012-03-14,0.014082
2012-03-15,0.024598
2012-03-16,0.015306
2012-03-17,0.08299
2012-03-18,0.01466
2012-03-19,0.017666
2012-03-20,0.018174
2012-03-21,0.018135
2012-03-22,0.018161
2012-03-23,0.018197
2012-03-24,0.018114
2012-03-25,0.018217
2012-03-26,0.018207
2012-03-27,0.017849
2012-03-28,0.049212
2012-03-29,0.019831
2012-03-30,0.019289
2012-03-31,0.018973
2012-04-01,0.019145
2012-04-02,0.019274
2012-04-03,0.019386
2012-04-04,0.019241
2012-04-05,0.019184
2012-04-06,0.01932
2012-04-07,0.019351
2012-04-08,0.019299
2012-04-09,0.019267
2012-04-10,0.019189
2012-04-11,0.019135
2012-04-12,0.018937
2012-04-13,0.10401
2012-04-14,0.016558
2012-04-15,0.024437
2012-04-16,0.025918
2012-04-17,0.026152
2012-04-18,0.026121
2012-04-19,0.0261
2012-04-20,0.026006
2012-04-21,0.025989
2012-04-22,0.026169
2012-04-23,0.026163
2012-04-24,0.026002
2012-04-25,0.025893
2012-04-26,0.025658
2012-04-27,0.025758
2012-04-28,0.02575
2012-04-29,0.025749
2012-04-30,0.025724
2012-05-01,0.025884
2012-05-02,0.025634
2012-05-03,0.025569
2012-05-04,0.025492
2012-05-05,0.025404
2012-05-06,0.025365
2012-05-07,0.025402
2012-05-08,0.025549
2012-05-09,0.025525
2012-05-10,0.025401
2012-05-11,0.025413
2012-05-12,0.025562
2012-05-13,0.025665
2012-05-14,0.025444
2012-05-15,0.025125
2012-05-16,0.025098
2012-05-17,0.025141
2012-05-18,0.025085
2012-05-19,0.025178
2012-05-20,0.025201
2012-05-21,0.02512
2012-05-22,0.025035
2012-05-23,0.024878
2012-05-24,0.024768
2012-05-25,0.024727
2012-05-26,0.02474
2012-05-27,0.024858
2012-05-28,0.024839
2012-05-29,0.024806
2012-05-30,0.024751
2012-05-31,0.024756
2012-06-01,0.024967
2012-06-02,0.024604
2012-06-03,0.024611
2012-06-04,0.024585
2012-06-05,0.024538
2012-06-06,0.02452
2012-06-07,0.024554
2012-06-08,0.0244
2012-06-09,0.024245
2012-06-10,0.024269
2012-06-11,0.024432
2012-06-12,0.024377
2012-06-13,0.024239
2012-06-14,0.024194
2012-06-15,0.024144
2012-06-16,0.024141
2012-06-17,0.024239
2012-06-18,0.02418
2012-06-19,0.024091
2012-06-20,0.02415
2012-06-21,0.024094
2012-06-22,0.02401
2012-06-23,0.023943
2012-06-24,0.024
2012-06-25,0.023986
2012-06-26,0.023955
2012-06-27,0.023903
2012-06-28,0.023827
2012-06-29,0.023787
2012-06-30,0.023746
2012-07-01,0.023849
2012-07-02,0.023599
2012-07-03,0.02352
2012-07-04,0.023569
2012-07-05,0.023594
2012-07-06,0.023576
2012-07-07,0.023563
2012-07-08,0.023463
2012-07-09,0.023398
2012-07-10,0.023484
2012-07-11,0.023518
2012-07-12,0.02345
2012-07-13,0.023396
2012-07-14,0.023312
2012-07-15,0.023294
2012-07-16,0.023177
2012-07-17,0.023174
2012-07-18,0.023237
2012-07-19,0.023293
2012-07-20,0.023207
2012-07-21,0.023099
2012-07-22,0.023062
2012-07-23,0.023128
2012-07-24,0.023018
2012-07-25,0.022866
2012-07-26,0.022803
2012-07-27,0.02276
2012-07-28,0.02265
2012-07-29,0.022621
2012-07-30,0.022652
2012-07-31,0.022658
2012-08-01,0.02358
2012-08-02,0.022802
2012-08-03,0.022776
2012-08-04,0.022727
2012-08-05,0.022565
2012-08-06,0.022538
2012-08-07,0.022446
2012-08-08,0.022359
2012-08-09,0.022366
2012-08-10,0.022346
2012-08-11,0.022442
2012-08-12,0.022404
2012-08-13,0.022359
2012-08-14,0.022323
2012-08-15,0.022213
2012-08-16,0.022144
2012-08-17,0.022062
2012-08-18,0.021959
2012-08-19,0.02189
2012-08-20,0.021883
2012-08-21,0.021848
2012-08-22,0.021884
2012-08-23,0.021829
2012-08-24,0.021827
2012-08-25,0.021808
2012-08-26,0.021719
2012-08-27,0.021812
2012-08-28,0.021833
2012-08-29,0.021776
2012-08-30,0.021808
2012-08-31,0.021651
2012-09-01,0.021691
2012-09-02,0.02156
2012-09-03,0.021657
2012-09-04,0.021634
2012-09-05,0.02157
2012-09-06,0.021603
2012-09-07,0.021591
2012-09-08,0.021416
2012-09-09,0.021277
2012-09-10,0.021286
2012-09-11,0.021381
2012-09-12,0.021508
2012-09-13,0.021443
2012-09-14,0.021465
2012-09-15,0.021371
2012-09-16,0.021352
2012-09-17,0.021313
2012-09-18,0.021224
2012-09-19,0.021111
2012-09-20,0.02111
2012-09-21,0.0211
2012-09-22,0.021074
2012-09-23,0.021025
2012-09-24,0.021038
2012-09-25,0.021043
2012-09-26,0.021106
2012-09-27,0.02116
2012-09-28,0.02099
2012-09-29,0.020893
2012-09-30,0.020845
2012-10-01,0.020935
2012-10-02,0.020908
2012-10-03,0.020926
2012-10-04,0.020666
2012-10-05,0.020619
2012-10-06,0.020709
2012-10-07,0.020734
2012-10-08,0.020553
2012-10-09,0.02051
2012-10-10,0.020466
2012-10-11,0.020381
2012-10-12,0.020286
2012-10-13,0.020372
2012-10-14,0.020434
2012-10-15,0.02042
2012-10-16,0.020323
2012-10-17,0.020185
2012-10-18,0.020178
2012-10-19,0.020238
2012-10-20,0.020165
2012-10-21,0.020133
2012-10-22,0.019894
2012-10-23,0.019864
2012-10-24,0.020042
2012-10-25,0.020103
2012-10-26,0.020035
2012-10-27,0.020041
2012-10-28,0.020017
2012-10-29,0.020178
2012-10-30,0.020228
2012-10-31,0.019991
2012-11-01,0.020031
2012-11-02,0.020111
2012-11-03,0.020092
2012-11-04,0.019907
2012-11-05,0.019787
2012-11-06,0.019822
2012-11-07,0.019943
2012-11-08,0.019787
2012-11-09,0.019748
2012-11-10,0.01982
2012-11-11,0.019776
2012-11-12,0.019785
2012-11-13,0.019773
2012-11-14,0.01975
2012-11-15,0.019676
2012-11-16,0.019584
2012-11-17,0.01944
2012-11-18,0.030475
2012-11-19,0.021487
2012-11-20,0.019933
2012-11-21,0.019741
2012-11-22,0.019875
2012-11-23,0.019913
2012-11-24,0.019941
2012-11-25,0.020091
2012-11-26,0.02001
2012-11-27,0.019838
2012-11-28,0.019527
2012-11-29,0.019141
2012-11-30,0.021062
2012-12-01,0.080691
2012-12-02,0.055911
2012-12-03,0.076932
2012-12-04,0.020692
2012-12-05,0.029636
2012-12-06,0.031328
2012-12-07,0.031732
2012-12-08,0.031824
2012-12-09,0.031679
2012-12-10,0.031569
2012-12-11,0.031672
2012-12-12,0.031648
2012-12-13,0.031646
2012-12-14,0.03178
2012-12-15,0.031628
2012-12-16,0.031322
2012-12-17,0.031183
2012-12-18,0.031243
2012-12-19,0.031327
2012-12-20,0.030857
2012-12-21,0.030565
2012-12-22,0.030651
2012-12-23,0.057613
2012-12-24,0.047688
2012-12-25,0.030679
2012-12-26,0.045505
2012-12-27,0.032437
2012-12-28,0.033476
2012-12-29,0.033555
2012-12-30,0.033816
2012-12-31,0.033764
2013-01-01,0.033558
2013-01-02,0.033293
2013-01-03,0.033258
2013-01-04,0.033281
2013-01-05,0.03328
2013-01-06,0.033455
2013-01-07,0.033693
2013-01-08,0.03362
2013-01-09,0.033602
2013-01-10,0.033453
2013-01-11,0.033411
2013-01-12,0.033435
2013-01-13,0.033367
2013-01-14,0.033303
2013-01-15,0.033333
2013-01-16,0.033135
2013-01-17,0.03277
2013-01-18,0.032665
2013-01-19,0.032741
2013-01-20,0.032782
2013-01-21,0.033333
2013-01-22,0.033737
2013-01-23,0.033799
2013-01-24,0.033422
2013-01-25,0.033237
2013-01-26,0.033349
2013-01-27,0.03318
2013-01-28,0.033157
2013-01-29,0.03309
2013-01-30,0.033029
2013-01-31,0.032991
2013-02-01,0.032941
2013-02-02,0.03286
2013-02-03,0.032988
2013-02-04,0.033017
2013-02-05,0.033197
2013-02-06,0.033307
2013-02-07,0.033145
2013-02-08,0.032928
2013-02-09,0.032721
2013-02-10,0.032734
2013-02-11,0.032805
2013-02-12,0.032791
2013-02-13,0.032699
2013-02-14,0.03252
2013-02-15,0.032369
2013-02-16,0.032503
2013-02-17,0.032615
2013-02-18,0.032798
2013-02-19,0.032678
2013-02-20,0.032357
2013-02-21,0.032433
2013-02-22,0.032735
2013-02-23,0.032585
2013-02-24,0.032458
2013-02-25,0.032524
2013-02-26,0.032521
2013-02-27,0.032459
2013-02-28,0.032702
2013-03-01,0.032594
2013-03-02,0.032453
2013-03-03,0.032477
2013-03-04,0.032661
2013-03-05,0.03246
2013-03-06,0.031903
2013-03-07,0.032091
2013-03-08,0.032289
2013-03-09,0.032215
2013-03-10,0.032135
2013-03-11,0.032106
2013-03-12,0.032123
2013-03-13,0.032198
2013-03-14,0.032292
2013-03-15,0.032254
2013-03-16,0.032127
2013-03-17,0.032005
2013-03-18,0.032159
2013-03-19,0.0322
2013-03-20,0.031808
2013-03-21,0.031697
2013-03-22,0.031694
2013-03-23,0.031801
2013-03-24,0.032107
2013-03-25,0.032104
2013-03-26,0.031961
2013-03-27,0.032045
2013-03-28,0.03205
2013-03-29,0.03194
2013-03-30,0.032057
2013-03-31,0.031848
2013-04-01,0.031774
2013-04-02,0.031846
2013-04-03,0.031961
2013-04-04,0.031729
2013-04-05,0.031444
2013-04-06,0.031429
2013-04-07,0.031274
2013-04-08,0.03092
2013-04-09,0.030994
2013-04-10,0.031319
2013-04-11,0.031256
2013-04-12,0.031228
2013-04-13,0.031179
2013-04-14,0.031093
2013-04-15,0.030977
2013-04-16,0.030785
2013-04-17,0.030807
2013-04-18,0.031063
2013-04-19,0.031118
2013-04-20,0.031001
2013-04-21,0.030965
2013-04-22,0.030906
2013-04-23,0.030826
2013-04-24,0.030838
2013-04-25,0.030973
2013-04-26,0.030962
2013-04-27,0.030893
2013-04-28,0.030783
2013-04-29,0.030599
2013-04-30,0.030465
2013-05-01,0.030188
2013-05-02,0.030256
2013-05-03,0.030668
2013-05-04,0.030666
2013-05-05,0.030561
2013-05-06,0.030567
2013-05-07,0.030393
2013-05-08,0.030307
2013-05-09,0.030316
2013-05-10,0.03031
2013-05-11,0.0304
2013-05-12,0.03038
2013-05-13,0.03032
2013-05-14,0.030239
2013-05-15,0.030079
2013-05-16,0.029998
2013-05-17,0.029969
2013-05-18,0.029906
2013-05-19,0.029753
2013-05-20,0.029918
2013-05-21,0.029813
2013-05-22,0.02954
2013-05-23,0.029556
2013-05-24,0.029669
2013-05-25,0.029661
2013-05-26,0.029568
2013-05-27,0.029615
2013-05-28,0.029608
2013-05-29,0.029561
2013-05-30,0.029446
2013-05-31,0.029411
2013-06-01,0.029397
2013-06-02,0.029366
2013-06-03,0.029542
2013-06-04,0.029554
2013-06-05,0.029475
2013-06-06,0.029364
2013-06-07,0.029231
2013-06-08,0.029324
2013-06-09,0.02929
2013-06-10,0.028982
2013-06-11,0.02903
2013-06-12,0.028997
2013-06-13,0.028774
2013-06-14,0.028799
2013-06-15,0.02893
2013-06-16,0.028781
2013-06-17,0.028681
2013-06-18,0.028605
2013-06-19,0.028548
2013-06-20,0.028541
2013-06-21,0.02848
2013-06-22,0.028476
2013-06-23,0.02852
2013-06-24,0.028547
2013-06-25,0.028345
2013-06-26,0.028495
2013-06-27,0.028578
2013-06-28,0.02833
2013-06-29,0.028123
2013-06-30,0.028137
2013-07-01,0.028153
2013-07-02,0.028202
2013-07-03,0.028155
2013-07-04,0.028001
2013-07-05,0.027931
2013-07-06,0.027973
2013-07-07,0.028037
2013-07-08,0.028029
2013-07-09,0.027967
2013-07-10,0.027951
2013-07-11,0.027825
2013-07-12,0.02773
2013-07-13,0.027756
2013-07-14,0.027773
2013-07-15,0.027643
2013-07-16,0.027482
2013-07-17,0.027469
2013-07-18,0.02746
2013-07-19,0.027372
2013-07-20,0.027321
2013-07-21,0.027252
2013-07-22,0.027154
2013-07-23,0.027049
2013-07-24,0.027004
2013-07-25,0.027032
2013-07-26,0.026963
2013-07-27,0.026886
2013-07-28,0.026816
2013-07-29,0.026787
2013-07-30,0.026849
2013-07-31,0.026766
2013-08-01,0.026608
2013-08-02,0.026625
2013-08-03,0.026677
2013-08-04,0.026551
2013-08-05,0.026434
2013-08-06,0.026397
2013-08-07,0.026272
2013-08-08,0.026182
2013-08-09,0.026135
2013-08-10,0.026146
2013-08-11,0.026161
2013-08-12,0.02612
2013-08-13,0.026123
2013-08-14,0.026032
2013-08-15,0.026062
2013-08-16,0.026096
2013-08-17,0.025999
2013-08-18,0.025936
2013-08-19,0.02602
2013-08-20,0.025989
2013-08-21,0.025895
2013-08-22,0.025815
2013-08-23,0.025713
2013-08-24,0.025612
2013-08-25,0.025622
2013-08-26,0.025666
2013-08-27,0.025713
2013-08-28,0.025717
2013-08-29,0.025714
2013-08-30,0.025611
2013-08-31,0.025552
2013-09-01,0.025541
2013-09-02,0.025474
2013-09-03,0.025401
2013-09-04,0.025383
2013-09-05,0.025269
2013-09-06,0.025172
2013-09-07,0.025373
2013-09-08,0.02538
2013-09-09,0.025376
2013-09-10,0.025374
2013-09-11,0.025144
2013-09-12,0.024934
2013-09-13,0.024839
2013-09-14,0.024883
2013-09-15,0.024948
2013-09-16,0.024951
2013-09-17,0.02471
2013-09-18,0.024642
2013-09-19,0.024802
2013-09-20,0.024867
2013-09-21,0.024684
2013-09-22,0.024521
2013-09-23,0.024827
2013-09-24,0.024668
2013-09-25,0.024342
2013-09-26,0.02417
2013-09-27,0.024379
2013-09-28,0.024642
2013-09-29,0.024357
2013-09-30,0.024168
2013-10-01,0.024247
2013-10-02,0.024184
2013-10-03,0.024008
2013-10-04,0.023798
2013-10-05,0.023936
2013-10-06,0.024236
2013-10-07,0.024185
2013-10-08,0.024045
2013-10-09,0.023886
2013-10-10,0.024061
2013-10-11,0.024194
2013-10-12,0.024112
2013-10-13,0.02399
2013-10-14,0.023931
2013-10-15,0.023819
2013-10-16,0.023897
2013-10-17,0.024004
2013-10-18,0.023934
2013-10-19,0.024024
2013-10-20,0.023975
2013-10-21,0.023857
2013-10-22,0.023913
2013-10-23,0.024018
2013-10-24,0.024049
2013-10-25,0.024076
2013-10-26,0.023937
2013-10-27,0.023826
2013-10-28,0.023527
2013-10-29,0.02359
2013-10-30,0.023855
2013-10-31,0.023683
2013-11-01,0.023498
2013-11-02,0.023611
2013-11-03,0.023449
2013-11-04,0.023293
2013-11-05,0.023433
2013-11-06,0.023511
2013-11-07,0.023699
2013-11-08,0.023688
2013-11-09,0.023578
2013-11-10,0.023438
2013-11-11,0.023437
2013-11-12,0.023548
2013-11-13,0.02342
2013-11-14,0.023357
2013-11-15,0.023248
2013-11-16,0.023229
2013-11-17,0.023448
2013-11-18,0.023496
2013-11-19,0.023191
2013-11-20,0.023025
2013-11-21,0.022877
2013-11-22,0.022247
2013-11-23,0.022371
2013-11-24,0.022908
2013-11-25,0.0231
2013-11-26,0.022979
2013-11-27,0.022859
2013-11-28,0.022933
2013-11-29,0.023142
2013-11-30,0.023138
2013-12-01,0.02313
2013-12-02,0.023006
2013-12-03,0.02283
2013-12-04,0.022841
2013-12-05,0.022873
2013-12-06,0.022846
2013-12-07,0.022719
2013-12-08,0.022802
2013-12-09,0.022674
2013-12-10,0.022622
2013-12-11,0.022569
2013-12-12,0.022589
2013-12-13,0.022751
2013-12-14,0.022616
2013-12-15,0.022519
2013-12-16,0.022375
2013-12-17,0.022403
2013-12-18,0.022595
2013-12-19,0.022513
2013-12-20,0.022576
2013-12-21,0.022749
2013-12-22,0.022671
2013-12-23,0.022558
2013-12-24,0.022496
2013-12-25,0.022362
2013-12-26,0.022287
2013-12-27,0.022298
2013-12-28,0.02239
2013-12-29,0.022223
2013-12-30,0.022236
2013-12-31,0.022396
2014-01-01,0.022361
2014-01-02,0.022323
2014-01-03,0.02239
2014-01-04,0.022339
2014-01-05,0.022048
2014-01-06,0.022101
2014-01-07,0.022378
2014-01-08,0.022441
2014-01-09,0.022388
2014-01-10,0.022464
2014-01-11,0.022336
2014-01-12,0.022287
2014-01-13,0.022188
2014-01-14,0.022049
2014-01-15,0.021948
2014-01-16,0.021802
2014-01-17,0.021849
2014-01-18,0.021942
2014-01-19,0.021953
2014-01-20,0.021949
2014-01-21,0.021929
2014-01-22,0.021993
2014-01-23,0.021658
2014-01-24,0.021494
2014-01-25,0.021717
2014-01-26,0.021866
2014-01-27,0.022045
2014-01-28,0.022178
2014-01-29,0.022039
2014-01-30,0.021933
2014-01-31,0.02183
2014-02-01,0.021848
2014-02-02,0.021726
2014-02-03,0.0219
2014-02-04,0.022065
2014-02-05,0.022018
2014-02-06,0.021741
2014-02-07,0.021477
2014-02-08,0.021149
2014-02-09,0.069754
2014-02-10,0.034343
2014-02-11,0.03029
2014-02-12,0.033805
2014-02-13,0.034301
2014-02-14,0.034295
2014-02-15,0.034094
2014-02-16,0.034259
2014-02-17,0.034576
2014-02-18,0.034592
2014-02-19,0.034363
2014-02-20,0.034295
2014-02-21,0.03422
2014-02-22,0.034225
2014-02-23,0.034326
2014-02-24,0.034315
2014-02-25,0.034253
2014-02-26,0.034059
2014-02-27,0.033533
2014-02-28,0.033429
2014-03-01,0.059735
2014-03-02,0.023584
2014-03-03,0.034284
2014-03-04,0.036102
2014-03-05,0.036486
2014-03-06,0.036397
2014-03-07,0.036532
2014-03-08,0.036648
2014-03-09,0.036617
2014-03-10,0.036492
2014-03-11,0.036206
2014-03-12,0.035826
2014-03-13,0.036069
2014-03-14,0.036425
2014-03-15,0.036408
2014-03-16,0.036476
2014-03-17,0.036223
2014-03-18,0.035944
2014-03-19,0.036087
2014-03-20,0.036267
2014-03-21,0.03626
2014-03-22,0.036334
2014-03-23,0.036477
2014-03-24,0.036291
2014-03-25,0.036064
2014-03-26,0.035833
2014-03-27,0.035682
2014-03-28,0.035619
2014-03-29,0.035546
2014-03-30,0.035419
2014-03-31,0.035566
2014-04-01,0.035497
2014-04-02,0.036408
2014-04-03,0.035836
2014-04-04,0.036011
2014-04-05,0.035821
2014-04-06,0.035755
2014-04-07,0.035738
2014-04-08,0.035939
2014-04-09,0.035994
2014-04-10,0.035912
2014-04-11,0.035845
2014-04-12,0.035583
2014-04-13,0.035693
2014-04-14,0.035688
2014-04-15,0.03543
2014-04-16,0.035184
2014-04-17,0.035205
2014-04-18,0.035313
2014-04-19,0.035277
2014-04-20,0.035191
2014-04-21,0.035407
2014-04-22,0.035227
2014-04-23,0.035177
2014-04-24,0.035108
2014-04-25,0.034991
2014-04-26,0.034719
2014-04-27,0.034772
2014-04-28,0.034893
2014-04-29,0.034844
2014-04-30,0.034588
2014-05-01,0.034752
2014-05-02,0.03495
2014-05-03,0.034859
2014-05-04,0.034661
2014-05-05,0.034522
2014-05-06,0.034254
2014-05-07,0.034279
2014-05-08,0.034406
2014-05-09,0.034332
2014-05-10,0.034178
2014-05-11,0.034174
2014-05-12,0.034339
2014-05-13,0.034434
2014-05-14,0.034653
2014-05-15,0.034613
2014-05-16,0.034407
2014-05-17,0.034166
2014-05-18,0.033928
2014-05-19,0.033981
2014-05-20,0.033906
2014-05-21,0.033841
2014-05-22,0.034186
2014-05-23,0.034093
2014-05-24,0.033788
2014-05-25,0.03368
2014-05-26,0.033644
2014-05-27,0.033628
2014-05-28,0.033463
2014-05-29,0.033465
2014-05-30,0.033629
2014-05-31,0.033601
2014-06-01,0.033684
2014-06-02,0.033542
2014-06-03,0.033449
2014-06-04,0.033416
2014-06-05,0.033488
2014-06-06,0.033367
2014-06-07,0.033234
2014-06-08,0.03315
2014-06-09,0.033289
2014-06-10,0.033238
2014-06-11,0.033175
2014-06-12,0.033027
2014-06-13,0.032786
2014-06-14,0.032773
2014-06-15,0.032675
2014-06-16,0.032562
2014-06-17,0.032491
2014-06-18,0.032673
2014-06-19,0.03273
2014-06-20,0.032574
2014-06-21,0.03245
2014-06-22,0.032429
2014-06-23,0.032286
2014-06-24,0.032092
2014-06-25,0.032088
2014-06-26,0.032138
2014-06-27,0.032226
2014-06-28,0.032157
2014-06-29,0.032065
2014-06-30,0.032214
2014-07-01,0.032195
2014-07-02,0.031897
2014-07-03,0.031772
2014-07-04,0.031856
2014-07-05,0.031968
2014-07-06,0.031861
2014-07-07,0.031762
2014-07-08,0.031767
2014-07-09,0.031679
2014-07-10,0.031606
2014-07-11,0.031587
2014-07-12,0.031514
2014-07-13,0.031295
2014-07-14,0.031214
2014-07-15,0.031248
2014-07-16,0.031106
2014-07-17,0.030937
2014-07-18,0.030895
2014-07-19,0.030968
2014-07-20,0.030869
2014-07-21,0.030953
2014-07-22,0.03104
2014-07-23,0.030961
2014-07-24,0.03076
2014-07-25,0.030733
2014-07-26,0.030833
2014-07-27,0.030749
2014-07-28,0.030596
2014-07-29,0.030468
2014-07-30,0.030475
2014-07-31,0.030437
2014-08-01,0.030481
2014-08-02,0.030406
2014-08-03,0.030268
2014-08-04,0.030189
2014-08-05,0.030166
2014-08-06,0.030094
2014-08-07,0.030011
2014-08-08,0.029958
2014-08-09,0.029896
2014-08-10,0.029937
2014-08-11,0.030001
2014-08-12,0.029904
2014-08-13,0.029725
2014-08-14,0.029733
2014-08-15,0.02977
2014-08-16,0.029762
2014-08-17,0.029632
2014-08-18,0.02951
2014-08-19,0.029285
2014-08-20,0.029164
2014-08-21,0.029242
2014-08-22,0.029238
2014-08-23,0.029405
2014-08-24,0.029451
2014-08-25,0.029203
2014-08-26,0.029136
2014-08-27,0.029206
2014-08-28,0.02907
2014-08-29,0.028833
2014-08-30,0.028734
2014-08-31,0.028752
2014-09-01,0.028776
2014-09-02,0.028869
2014-09-03,0.028863
2014-09-04,0.028851
2014-09-05,0.029093
2014-09-06,0.029077
2014-09-07,0.028874
2014-09-08,0.028703
2014-09-09,0.028496
2014-09-10,0.028551
2014-09-11,0.028834
2014-09-12,0.028881
2014-09-13,0.028609
2014-09-14,0.028682
2014-09-15,0.028762
2014-09-16,0.028599
2014-09-17,0.028336
2014-09-18,0.028135
2014-09-19,0.028148
2014-09-20,0.028237
2014-09-21,0.028033
2014-09-22,0.028035
2014-09-23,0.028071
2014-09-24,0.028045
2014-09-25,0.027907
2014-09-26,0.027805
2014-09-27,0.027555
2014-09-28,0.027589
2014-09-29,0.027713
2014-09-30,0.027586
2014-10-01,0.02738
2014-10-02,0.027498
2014-10-03,0.027595
2014-10-04,0.027631
2014-10-05,0.027601
2014-10-06,0.027757
2014-10-07,0.027621
2014-10-08,0.027327
2014-10-09,0.027303
2014-10-10,0.027306
2014-10-11,0.027219
2014-10-12,0.027056
2014-10-13,0.027063
2014-10-14,0.026905
2014-10-15,0.026917
2014-10-16,0.027199
2014-10-17,0.027173
2014-10-18,0.027387
2014-10-19,0.027413
2014-10-20,0.027097
2014-10-21,0.027136
2014-10-22,0.027257
2014-10-23,0.027045
2014-10-24,0.026815
2014-10-25,0.026333
2014-10-26,0.026479
2014-10-27,0.026668
2014-10-28,0.026777
2014-10-29,0.026857
2014-10-30,0.026938
2014-10-31,0.026713
2014-11-01,0.026434
2014-11-02,0.026533
2014-11-03,0.026519
2014-11-04,0.026612
2014-11-05,0.026499
2014-11-06,0.026571
2014-11-07,0.02668
2014-11-08,0.026529
2014-11-09,0.026663
2014-11-10,0.026697
2014-11-11,0.026548
2014-11-12,0.026544
2014-11-13,0.026337
2014-11-14,0.026307
2014-11-15,0.026273
2014-11-16,0.026156
2014-11-17,0.026045
2014-11-18,0.025958
2014-11-19,0.02589
2014-11-20,0.026023
2014-11-21,0.02624
2014-11-22,0.025986
2014-11-23,0.02611
2014-11-24,0.026159
2014-11-25,0.026161
2014-11-26,0.026082
2014-11-27,0.026059
2014-11-28,0.02592
2014-11-29,0.025735
2014-11-30,0.025706
2014-12-01,0.025716
2014-12-02,0.025616
2014-12-03,0.025131
2014-12-04,0.059321
2014-12-05,0.018572
2014-12-06,0.028967
2014-12-07,0.030774
2014-12-08,0.031083
2014-12-09,0.031126
2014-12-10,0.030986
2014-12-11,0.030054
2014-12-12,0.070271
2014-12-13,0.029255
2014-12-14,0.048692
2014-12-15,0.051426
2014-12-16,0.051697
2014-12-17,0.051964
2014-12-18,0.052056
2014-12-19,0.051966
2014-12-20,0.051868
2014-12-21,0.052025
2014-12-22,0.05248
2014-12-23,0.052368
2014-12-24,0.052271
2014-12-25,0.051888
2014-12-26,0.05179
2014-12-27,0.051759
2014-12-28,0.052126
2014-12-29,0.052231
2014-12-30,0.051715
2014-12-31,0.051393
